"","with_pam_names","with_pam_seq"
"1","1110008F13Rik","CAAGGTGCTGCGGAGCGACGCGG"
"2","0610010K14Rik","GGCGCCGCCTTCACGAAGCTCGG"
"3","1-Mar","GATCGACTTGCAGATCGCCCTGG"
"4","1110032F04Rik","GAGTCGTCGTCGTCGTCGGGCGG"
"5","2410127L17Rik","ATACCTGTTGAGTACAAAGTTGG"
"6","1810013L24Rik","AGCGTGCGTTCGAGTACCCCAGG"
"7","1810013L24Rik","TGGCTATCAGCGACGCAATAAGG"
"8","2210018M11Rik","ATCAGTGCACTTCGGGCACAGGG"
"9","1700007G11Rik","TTGGTGGAGCTAGGCTACCGAGG"
"10","1700011I03Rik","AAAGAACGTTGGTGGAGAGTAGG"
"11","2010012O05Rik","AGCTCGAAACATGGTACTACAGG"
"12","2610015P09Rik","GAAGGATCCTCGTCTTACCATGG"
"13","2610018G03Rik","TTCACAAAATTAGAGCGCATTGG"
"14","4-Mar","GACCCTGGTGGCGCAACATCTGG"
"15","1810043H04Rik","GCGGAGCTGCTTCGCCGCCGCGG"
"16","6030419C18Rik","GATTCGACAGCGCATGAAGATGG"
"17","2700050L05Rik","TTACGAGAGAGTGCCAAACTAGG"
"18","4930447C04Rik","TACTTATGTCTTGCTCATACTGG"
"19","4930452B06Rik","CGGATTTGCTTATTCTCCTTTGG"
"20","A430107P09Rik","AAGATGCCTCAGTGCTGTGGGGG"
"21","A230050P20Rik","CGCCTCCGGGAGAAGTTTCATGG"
"22","4833420G17Rik","CTGAAGAGTTTCGAAAATCTAGG"
"23","AI314180","CCCTACGCTTCTTACTGCCATGG"
"24","Aars2","TGGAGGACGCCATAACGACCTGG"
"25","Aasdhppt","GAAAGCTTCATAAAAGCCATTGG"
"26","4930506M07Rik","AGCTGTTCATTTTGGCGGGTGGG"
"27","Abce1","AGGTTGCCTATCCCTCGTCCAGG"
"28","Abr","TGGCTGCGGGCGCTGAGCTGCGG"
"29","Abtb1","ATAGTAATCCCGCCTCCTGCAGG"
"30","Abtb1","CCACGTCTCGCTGCTCCAGCAGG"
"31","Actl6b","GTCATGTCGCCCCTCAAGAATGG"
"32","Actl6b","CCAATGCCCTGCACGTGCCTCGG"
"33","AI593442","CTTTCCACATCCACAAGCGTAGG"
"34","Abcb7","TCAGCATGTTTCCCGACATCTGG"
"35","Abcb9","GTAGTACTTGCCGTAGATGTTGG"
"36","4931406P16Rik","GATAGGATCGCACTTCCTGAAGG"
"37","Abi2","ACCTAGCCCAACCCGTAATATGG"
"38","Actrt1","GTTACCAGTCCACGCTCAATGGG"
"39","Actrt3","GTGGTGATCGACAACGGCTCGGG"
"40","Aamp","CCTACCTGAGTGCAATGCAAAGG"
"41","Aff2","ACCGTAGTGCACTTAAAAAAAGG"
"42","Aff4","TGTATGAATAGCCGTTAGAGGGG"
"43","AU022252","CGAGCGCCACGAGGTCTAAGGGG"
"44","Adcy9","ACTAACCTTAAGGTTATCAAAGG"
"45","Adipor2","TGTTTGCCACCCCTCAGTATCGG"
"46","Ahi1","GATGAACTAACCATCCATCGCGG"
"47","Ak5","AGCCGGTCATACCGCCGATATGG"
"48","Ago4","CTTACCCTATCCCGTCCGATTGG"
"49","Ahsa1","TGAGCCTGACACAAATCTCGTGG"
"50","Adcy5","AGCAGACATCAACGCCAAGCAGG"
"51","Aldh18a1","GCCGCACGCTCTGAGACAGAAGG"
"52","Ablim3","GTCATCCAGTGCTACCGCTGTGG"
"53","Akap8l","ATCGGCACTGGCGCTACCCGAGG"
"54","Agbl2","AAGATGGCCAATCGAATGTGAGG"
"55","Aldh16a1","GCTGTTCGAGAGGTTCGAGACGG"
"56","Ampd2","TGCCATCCATAGACGTGCGCAGG"
"57","Ankrd17","CAGACTCGCACCATCCCACGAGG"
"58","Apeh","CCGGAGGTCACCACGCAGTACGG"
"59","Antxr2","ACTAACCTGTCTCCAGTTAATGG"
"60","Ankrd12","AGAGACTTATATCTTCTTACAGG"
"61","Ankrd12","ACATACAAGTGAAAATTGGGGGG"
"62","Aifm1","ATCCCGAGCCCGGATGGATCTGG"
"63","Apoa1bp","GGGAATGTCGATGCTAGCAATGG"
"64","Anks3","CAATCACCTCACGTTGGCATTGG"
"65","Arhgap23","CTTGGAGCGCTCCGTGGTGATGG"
"66","Arcn1","GCATGCTCCACCTATTAATATGG"
"67","Arhgap15","GGAAAAACTGGTCTACTTCCTGG"
"68","Aldh7a1","ACCTGTCGGACTCTTGCTATTGG"
"69","Arhgap5","TCTCAGCTGTAACCAGATCCCGG"
"70","Akr7a5","GCATGTACAACGCCACCACCCGG"
"71","Akt3","ATGAGCCATCTGTCTTCAAAAGG"
"72","Angptl1","AGAATACAGCAGCTTTCGTCTGG"
"73","Angpt1","TACCACCTTCTTTAGTGCAAAGG"
"74","Arfgef1","CTAGAGATGTACTAACTATGCGG"
"75","Arfgef2","CTGTCGATCAGCCGCTTCCCAGG"
"76","Arfip1","TTGAAGCATTCATTACCATCTGG"
"77","Ankrd52","GATGGGGACATCGCCTACGTAGG"
"78","Anapc11","GCACTGCCCCATGTGTCGCCAGG"
"79","Anapc15","TGTCTACCTAGATCATCCACTGG"
"80","Arid5b","GCTATGCAAATCGGATCCTTTGG"
"81","Arx","CGAAGGGCGCCCCGTTCTCGCGG"
"82","Arfgap2","GGTCGGCGGGAATGCCAATGCGG"
"83","Ascl1","AACTGATGCGCTGCAAACGCCGG"
"84","Arhgap33","TCCACCGGTGCATATTTGACCGG"
"85","Asf1a","CAGGTCCTCGATGCACTCGAAGG"
"86","Arhgef5","GCGCAGTCTAAACATAGCTGTGG"
"87","Arhgef9","ATCCCTCCTCATCGTCGATCTGG"
"88","Aspn","TCAACCATTCGAGTATCAAATGG"
"89","Asb2","CTCCGCGTTCTTGCGCTCACAGG"
"90","Ap3m1","TTTCTAGGCAGTAGTAATGTTGG"
"91","Ap3s1","TTGTCATTTAGATTAATTGGAGG"
"92","Arrb2","GAAGTCGAGCCCTAACTGCAAGG"
"93","Atp8b2","TCACCTGGTTATCACTCTTGTGG"
"94","Arid4a","GATGTCAGTGCCAAGTACCGGGG"
"95","Arl4c","TCGCCGATGATGGCGCACGCCGG"
"96","Atxn7l2","CCCGGGCATAAAGCTTGCTGAGG"
"97","Atg13","TTTACCCAATCTGAACCCGTTGG"
"98","Atp8b1","TAGGACGTGTGAAGTCATTAAGG"
"99","Arglu1","AAGATGTCGATGCGGTCGGGCGG"
"100","Atp2b1","TTACGTGCATTATCCCCTTCTGG"
"101","Atf4","GATGTCCCCCTTCGACCAGTCGG"
"102","Atp11b","AAGTCCACTGGTAATTGGACTGG"
"103","BC017643","GAGTCAGCAGCTTCTTGTAGAGG"
"104","BC018507","TACAGCTGCAGTTTGCAAGAAGG"
"105","BC023829","TCGACATGACAGGTCACTAGAGG"
"106","BC030336","CATCGCCAGCATCGCCAACCCGG"
"107","Atp6v0e","TAGTTGGCTGATTGCAATTCTGG"
"108","Atl1","GATTACAATGAACCATTGACTGG"
"109","Blcap","AGATCATGTATTGCCTCCAGTGG"
"110","Bai2","TCCTTGCAGTGCACGGCGTGTGG"
"111","Bai3","CCGCTGCAGTGTGTCCCGTAAGG"
"112","Bend4","AGGTCCCGAAAGACGCCCTCTGG"
"113","Bbc3","GGGCACTCACCGTCCGGGCGTGG"
"114","Bbc3","GCCGCTCGTACTGCGCGTTGAGG"
"115","Bbip1","GGGTTTACACAGCACCATTGTGG"
"116","Bax","AGTTTCATCCAGGATCGAGCAGG"
"117","Bicd2","CCGCACGTAGTACTGCTCCTTGG"
"118","Atf7","GAGCCAGGACGTACAATGGTGGG"
"119","Brix1","AGGCTTTCAAATTCACCTCATGG"
"120","Bcl2l1","ACCAGCGGTTGAAGCGCTCCTGG"
"121","Bcl2l2","GCTGACGGGGGCCGTGGCACTGG"
"122","BC005537","TCTGCATGTACTGAGCCGCAAGG"
"123","C1qtnf4","GCTGATGAAGAACCGCGACGAGG"
"124","Barhl1","TTGGCCGCAAGGCGGCCCCCAGG"
"125","Bnip3","CCTGTCACAGTGAGAACTCTTGG"
"126","Cacna2d4","CAGGTTGCTGAAGTGCGCGTTGG"
"127","Cacna1d","TGCAATCGATGCTGCTAGACAGG"
"128","Brd4","GGGCCTGCGTTGTAGACATTTGG"
"129","Btg1","GGCGGCGATCTCGCCTATCATGG"
"130","Bms1","ACTGGAGCCCCCACCAATAGTGG"
"131","C2cd2l","GTCCCCCGCTGCCGTCTCCATGG"
"132","Camkv","CTCGCTCCGAGTAGTAGCCCTGG"
"133","Camsap1","GTCACCCTACTTCCCGTTGTTGG"
"134","Camk2n2","CCGGATAGACGACGTGCTGAAGG"
"135","Cadps","TCCTTCTCGCTCACCACCGACGG"
"136","Cacng4","CGGTCGCATCGCACCATGGTGGG"
"137","Camta1","TAGTTCCGCAGAATACACTTTGG"
"138","Cacna1g","CTCACTGGGCACCCGGTTAATGG"
"139","Cacna1g","TGCGGAGACACCAGCTCCGCGGG"
"140","C1ra","TCATAGAAGCAGCCTTCAGAAGG"
"141","Cbll1","AGCCGAATCATGGATCACACTGG"
"142","Bet1","TCACAATTTGATTCTACAACTGG"
"143","Cbwd1","GTGCAGTGGCTTCTATGTTTTGG"
"144","Cbx1","GTAGCTCCAATAATCCGCTCCGG"
"145","Cbx1","AACCTGTGGGCACTTGACATTGG"
"146","Cacng2","TCTCGGCGATGATGAAGGACAGG"
"147","Caprin2","ACAAGGATGACTGCTCCATCTGG"
"148","Capza1","CTTAACAGTACAGAAGCCGTTGG"
"149","Bzw1","CGCTACAAATACCTGGAGAAAGG"
"150","Calm1","GACGGACAAGTCAACTATGAAGG"
"151","Calm3","GATGGCCAGGTCAATTATGAAGG"
"152","Casc5","TCCTGAAGAGGACTCCTTGGGGG"
"153","Cacng8","GGACTACGACCACGACAGCGCGG"
"154","Ccdc177","GCGCATGATGCGCTCGCGCTCGG"
"155","Ccdc101","CCCACAGCGGCCAAGATCGCAGG"
"156","Cab39","CTAATAGGGCAAAAAAGACGTGG"
"157","Ccdc174","ATTCTAGTTGGTAGATCTTAAGG"
"158","Ccdc15","GCTTAGTCAAACTATGAAACAGG"
"159","Ccdc12","AACCAGTGGCAGGTACATGAAGG"
"160","Ccnc","AAGTATAGATCCTGTATTAATGG"
"161","Ccdc88a","CTGTTCTAGGTTAAAACGTTTGG"
"162","Cct3","CAGAACACAAAGCGTGAATCTGG"
"163","Cct4","GATGCTATTAGAACAAGCCTTGG"
"164","Ccdc149","GGATGACGATTGCCAAACAACGG"
"165","Ccdc138","TTAAAGCCTAGATGATGAACTGG"
"166","Ccnyl1","TATATTACCACATAAAGAACAGG"
"167","Cdk2ap2","GAGATCCGGCCCACCTATGCTGG"
"168","Cdk5r2","CCGACGCTGCTACCGCCTCAAGG"
"169","Cdkn2c","GACGCCAACTCGTTCCCCCAAGG"
"170","Ccdc53","TCTATGCCTGACCCCATGAGAGG"
"171","Cct7","AGAACCACCCTGGGTCCCCGTGG"
"172","Cdc42","ACAGTTGGTACATATTCCGATGG"
"173","Cdc42","CAAGTTTCTCAATAGTAGAGGGG"
"174","Celf2","TCTACCAGATCAACGTCCTCCGG"
"175","Cept1","CACCACCTGTGAAGATTACACGG"
"176","Cenpb","CGTACTTGCGCTCCGACGCCAGG"
"177","Cdh13","ATGGCAGAACTCGTGATTGTCGG"
"178","Cdk19","AAAGTGGGACGCGGCACCTACGG"
"179","Cebpa","GCGCCCCGACGCGCTCGTACAGG"
"180","Ccnt2","CTGCGATTGTTTATATGCACAGG"
"181","Chtf8","ATCGAGGCTCGCTACAGCACTGG"
"182","Chtop","GAGCTACGGCTCGTCCACCTCGG"
"183","Chrd","CGGGTGCCACGTCTCGTCCAAGG"
"184","Cdr2","GGTGATCAATGTTGGTTTGCAGG"
"185","Cdk8","GAGCGAGGAAGAGTAAAAATTGG"
"186","Cldn7","GATGATGTTGTCGCCCGCATAGG"
"187","Chpf","GCCGCGTTGGTGTTGCCGCGCGG"
"188","Cfl2","GCATATCGGCAATCATTCAGAGG"
"189","Ckap4","ACGTCATCCGCGCCGCCCGACGG"
"190","Ckb","CCCCGCACCTGCAGGTTGTCGGG"
"191","Clptm1","ATCAGCAGCTGGTTCCGCCGAGG"
"192","Clip3","TGTTGGTCCAGCGGCTGCGCAGG"
"193","Cluh","CGGGCCTCACGCACCGTGTACGG"
"194","Clhc1","TGGACGCGGCGGCGCTGAAGAGG"
"195","Chic2","GAATTCCCTTCTTCATTAACTGG"
"196","Chst13","CGAAGCGCACGTCGTGGCCGCGG"
"197","Cmtm5","ATGATGCATTCAAGATCTACCGG"
"198","Clcn5","AGGAGCCAATCCCTGGTGTAGGG"
"199","Cntfr","CCGCTCCAACACTTACCCCAAGG"
"200","Cmtm4","AGCGCGCCGCGCAGGTAGTCGGG"
"201","Clta","CGCGGCCGGGTCTTCTTCGCCGG"
"202","Cltc","TCATATCAATGATTACCACCTGG"
"203","Coq3","GGGATGAAGATTCTTGACGTTGG"
"204","Cntn6","AGCACAGTATCTGTCCGAGAAGG"
"205","Cox5a","GGGAATTGCGTAAAGGTAATTGG"
"206","Cpne4","TTGAGCTTGCATTCAATGCACGG"
"207","Cpne5","CTTCGTGCGCAAGTTCATTGTGG"
"208","Cpne6","GTTCCACGTGTTCGATGCCGAGG"
"209","Cog3","CAGATGAGGGATTACTTGTCTGG"
"210","Col1a1","AAGACGGGAGGGCGAGTGCTGGG"
"211","Cnih2","GTATCACTTACTGCCCGCGCAGG"
"212","Cpsf4","CCCATGGGCAGTTCAAATCGAGG"
"213","Cpne3","TAAGAAGCTAACTCGACCACTGG"
"214","Cops7b","GCATCTTACCATCGTGAGCTTGG"
"215","Cnot3","GATTGATCGCTGCCTCAAGAAGG"
"216","Crk","CGAGTCGAAGTTGCCCGCCATGG"
"217","Col4a2","GTGGGCCCCCAGGGGTACAACGG"
"218","Crhr2","CCGTGCCCCGAGTACTTCAACGG"
"219","Cpq","TCCCAGGGCTGCGTCCAAAGAGG"
"220","Crocc","GTCCCGCGTGGAGGACCTGCTGG"
"221","Coq10b","TTCTAGGCATCTTGTACTGATGG"
"222","Cpeb3","TCGTCTCCGCCCATAGCTCCTGG"
"223","Csgalnact2","GTGACCCTCTTCCGCCCTTTTGG"
"224","Csk","GCTCCCGTGTGATCTTGCCGTGG"
"225","Cxxc4","GCCGCGTTGTCGCAGTTCCAGGG"
"226","Cpeb1","GCAATGCCAATATCTTTCGAAGG"
"227","Crebbp","TTGTTGGTTTCGCTTGTCACTGG"
"228","Ctbs","AGGTAACCTTTGATGTAGCTTGG"
"229","Ctdsp1","CCTGGTGCACAGCTCCTTCAAGG"
"230","Cyp26b1","CATCCACCGCAACAAGCGCAAGG"
"231","Cxcl14","GCACTCACCGTCCACGCGCGCGG"
"232","Csnk2a1","AGACATTGTAAAAGACCCTGTGG"
"233","Csnk2a2","TGATATTTGTTCCACCACGAAGG"
"234","Ctu1","GGCGCTCTGCCGAGTGCACGAGG"
"235","Csde1","AGTGTATGCTACGAACGTAATGG"
"236","Cstf3","ATCAACCTATAGACAAAGCACGG"
"237","Ctif","GGTGGCACCACTAGAGGGCGAGG"
"238","Dagla","CACGTAGAGCACGTACTGCATGG"
"239","Daam1","CATTGATCAGCTCAATTCCATGG"
"240","Dcps","TGATCGCCATCTGCCATCGCCGG"
"241","Dcps","CTCCGCCTGATCCGAGAGACGGG"
"242","Cul3","GACCACTGTTATTCTTACGCTGG"
"243","D330045A20Rik","AAATCAAAACTGCGATACTATGG"
"244","D330045A20Rik","TAATTAACCGATTCATCACATGG"
"245","Dcun1d4","TACCTGTTTGGTGATCGTCTTGG"
"246","Dbn1","CGTACGCCGCCAGCAGCTCCAGG"
"247","Dbn1","GTGGCCGCTGAAGCTGACGCCGG"
"248","Dars","TGCTTGTATGAACTCTTGCACGG"
"249","Ddx26b","GCCCTGGTGTTGCGTTTGCCTGG"
"250","Ddx26b","GGTGTTGCGTTTGCCTGGAGTGG"
"251","Dedd","TCACCTACCTCGACGCATTCTGG"
"252","Def8","GATGGATCTCGGCCTGTCTGAGG"
"253","Dbr1","CATTTGCAAGAGTTACCCTATGG"
"254","Cyp2c40","CCTGTGTTCACTCTGTATTTTGG"
"255","Ddx5","AGGTTTGGTGCACCTCGATTTGG"
"256","Ddx6","CATTATGTCATCTCGTAAATTGG"
"257","Ddx6","CATTATGTCATCTCGTAAATTGG"
"258","Dlgap3","CGGAAGTGGCGGCCGTCCATTGG"
"259","Dlgap3","ATGGGGAGATCCCCTGCCGCAGG"
"260","Dhx32","TGCATATCACGCCCCCGTGCTGG"
"261","Dlx2","AAAATCGTCCCCGCGCTCACCGG"
"262","Dhfr","TGAGAAGAATCGACCTTTAAAGG"
"263","Dlg1","AAGCTCATTAAAGGTCCTAAAGG"
"264","Dcp1a","TACCCTCTCATACTCATCCTTGG"
"265","Dmpk","CGCCCAGGAGAAGGTCGAGCAGG"
"266","Dmxl1","GTAGACTGTTCAATGCAACAAGG"
"267","Dpf1","CCCACCGATCTTGTACTCGCAGG"
"268","Doc2g","AGCTGGTGCCAAACCGAGCCAGG"
"269","Dcun1d1","ACAGTGCGAGTTCTCCAAACAGG"
"270","Dennd4a","CTGTATCGTTATTCCATCTCTGG"
"271","Dennd4b","CATCGCTAGGGCACTGGGCGAGG"
"272","Dennd5a","TTCATTTCAAGTACGACTGAAGG"
"273","Dll1","GGAACCGCAACTGCTGCCGCGGG"
"274","Dll4","GTTGGTGCCCAATACCGGCGTGG"
"275","Dlst","CAACAGGGGAACTGCCCTCTAGG"
"276","Dpysl3","GCTTGACGCTGTCATTCCAGTGG"
"277","Derl2","CAAAGTCTGCTGTCCGACCTCGG"
"278","Dpy19l1","CCGGATTTATACCAAAATAATGG"
"279","Drd1a","ATAGTCCAATATGACCGATAGGG"
"280","Drd4","CTCGCTCGTGTGCGTGAGCGTGG"
"281","Drd5","GGGTCATCTTGCGCTCGTAGCGG"
"282","Drg1","AAGACAGGTGATGCTCGAATTGG"
"283","Diablo","CAAGTAAACTTGTATATTGTCGG"
"284","Diap2","TATGTTCATGAATTACGATCGGG"
"285","Dscam","CCAACTTACGTTTCACGTACAGG"
"286","Dnajc13","CACTGCCTTTACGAAATGTGAGG"
"287","Dusp16","CCTTGTTGAGGACATCTCGCTGG"
"288","Dmd","GTGCCTTGTTGACATTGTTCAGG"
"289","Dnaja4","TGGGGTTGATGCGCTCGCCCTGG"
"290","Ebf3","GAAATTGGATTTCCGGAGGTTGG"
"291","E2f3","CTCCTTACCTCTATTGAGTCAGG"
"292","Drg1","AGAGGTCGTCAAGTCATTGCAGG"
"293","Dync1i2","GAGATGGCGCCGTGGGATCTAGG"
"294","Dnajb4","TCGAGAAATCTTCATCCGTTTGG"
"295","Dpy30","AGTTGTGCCTATCTTATTACAGG"
"296","Dpyd","GACATCAAGCACACGACTCTTGG"
"297","Ednrb","AGAAGCAACAGCTCGATATCTGG"
"298","Efnb1","CCCGGCGAACATCTACTACAAGG"
"299","Efna3","GAGTGCGATGCTGCGGGGTGGGG"
"300","Dusp15","GGAACTTACATGGGTACCTCAGG"
"301","Egr3","GAGCGCGCTGGGGATCTCCTCGG"
"302","Ebf2","CTTGTAGTGAGTACCATTGTTGG"
"303","Eef1a1","GAGACTGGTGTTCTCAAGCCTGG"
"304","Eef1a2","GGACTGCGCAGTGCTGATCGTGG"
"305","Eef1b2","TGATGTGATTATACCAACGTAGG"
"306","Eif5","ACGTTGCAAAGGCGCTTAATCGG"
"307","Eif5","AATGACCGTTACATTGTCAATGG"
"308","Dtnb","GCTATGTTAGCAACCATGTGTGG"
"309","Eif4e1b","CTGTGACTATGCCCTGTTCAAGG"
"310","Emg1","GAACCGAGCTGGCTTGCTACAGG"
"311","Dynlt1a","CCATTACCAATGTATTTAAACGG"
"312","Dynlt1b","CCATTACCAATGTATTTAAACGG"
"313","Dynlt1c","CCATTACCAATGTATTTAAACGG"
"314","Dynlt1f","CCATTACCAATGTATTTAAACGG"
"315","Emc2","AGACTATGGTCGGGATGACTTGG"
"316","Eif1ad","CCAAATACCGCAAGAACATCTGG"
"317","Eif1ad","CAGACAGTATCATGAGAGTGAGG"
"318","Eif1ax","TATGGCGAGCTTCCAGAGCATGG"
"319","Eif1a","GAAATCCAATTTGATGATATTGG"
"320","Eif4e","AAAGCTTACCTGTTCTGTAGAGG"
"321","Eif4g2","GTGGAGAGTGCGATTGCAGAAGG"
"322","Eml4","GCGAAACCGTCCATCTTGCGGGG"
"323","Ephb1","GGGTACGTTACCTTCCATCGCGG"
"324","Erc2","CCTTCATTTCGATGACAGTCTGG"
"325","Ercc2","TCCACGTTGAGCCTGGCGGCAGG"
"326","Eif3l","GGCGACTATGATATGCACACAGG"
"327","Emx2","CATCCACCGCTACCGATATCTGG"
"328","Enah","CTTAGAAGTGTTAAATTCACAGG"
"329","Ergic1","CTACGTCGATGACCCAGACAAGG"
"330","Eny2","ACACGTTACTGTTGATGACTTGG"
"331","Emc6","AGGGCCGCCGTTCATCAGCGAGG"
"332","Emc9","TGATTTGAGTGTTAAGCCGCTGG"
"333","Epc2","CGAGCAACCAGATTATGATATGG"
"334","Exosc5","TTACCAGGCAGCCCGATCTTCGG"
"335","Etv5","AAAAGTGCCTCTACAACTATTGG"
"336","Emx1","GCTTCGTGGCGATGCGCCACCGG"
"337","Ets1","GAGAGTCGGCTTGAGATCGACGG"
"338","Etv1","AAAAGTGCCTGTACAATGTCAGG"
"339","Ext1","CAATCTCTCATCGCCTATGACGG"
"340","Ext1","GACCCAAGCCTGCGACCACGAGG"
"341","Eif5a2","GACGAAATTGATTTCACTACTGG"
"342","Eif5a","TGCTCAGCATTACGTAAGAATGG"
"343","Enho","CTCATCGCCATCGTCTGCAACGG"
"344","Eya4","AAGCGCTCCATCTCCAGTCGTGG"
"345","Ezh2","ACACGCTTCCGCCAACAAACTGG"
"346","Ehbp1","CGATATGGATTTTTTATTCCAGG"
"347","Fam181b","GTAGCCCGCGCTGTAATCATAGG"
"348","Faf1","TTCGACCTGTAATGCCATCCAGG"
"349","Fam159a","GGTCGTCGCAGCAGTACTTGTGG"
"350","Fam126b","CTTACTTCATGGTATATTGAAGG"
"351","Fam49a","CCTTCGATTCGATGAGCTGAAGG"
"352","Fam13b","TTCATGATGTGATGCTACATTGG"
"353","Eif3j1","CCTCGTCCTCGCCTTCCCAGCGG"
"354","Fam46a","CAGCACATTGCAGTGCGCCGTGG"
"355","Epha10","CCGCGGGCAGCGCATCTTCGTGG"
"356","Fam84b","GCGTTGCGCACTACAGCGCTGGG"
"357","Fbxl20","TTACGAAAGTTAAGTCTTCGTGG"
"358","Fbrsl1","AGAGCTGAACACGCGGTTTCTGG"
"359","Fbrs","CCCTAGTTTGAGAAATACCCAGG"
"360","Fam133b","GAGCTCATCCAAAAAAAGACAGG"
"361","Fbxo30","GTACTATGGAATGGAATCGATGG"
"362","Fgf8","CGTTGATGCGCTTGTTGGCCAGG"
"363","Fam76a","CCCCTGAGACAGCGCCTCGAAGG"
"364","Fam78b","GATCCGGCGCGAGAACATCGTGG"
"365","Fgf14","TTCCATCGAGAGCTCCATCGGGG"
"366","Fgl1","GTTTGACCCGGGTCTCAAGCAGG"
"367","Fgf11","TACCTCCAGGCGAATCCCGACGG"
"368","Fign","AACTGACATACCATAAACACTGG"
"369","Fam212b","CTATCTGCGTCGCCTCAAACAGG"
"370","Fibin","TGGAGTAGGCATCCCCGATCTGG"
"371","Fchsd2","GGTATTGACTAGCCAACTTCTGG"
"372","Fchsd2","TGCGCCCTTACCTTCCTCGGCGG"
"373","Fkbp1b","CAAGCTCATCTAGCAGGGATGGG"
"374","Fkbp2","GGCCTCTTACCCAGCTCGGACGG"
"375","Fkbp3","TTAAGTTTTAAGGTCGGAGTAGG"
"376","Flnc","ACACCCAAGCAGCGACTGCTCGG"
"377","Fndc4","CCAGAAGGCAACATCGTCATTGG"
"378","Foxe1","GCGCCCGTAGAAGTCCACCGCGG"
"379","Foxg1","TCGAGCGACGACGTGTTCATCGG"
"380","Foxg1","TCGAGCGACGACGTGTTCATCGG"
"381","Fcf1","TTGTATAACTGATTGTGTAATGG"
"382","Foxj3","GCAGCCTAACATCTATGGACTGG"
"383","Foxl2","GAAGCCCCCGTACTCGTACGTGG"
"384","Fzd7","TGGCTACCGCACGGTGGCGCAGG"
"385","Fzd9","CCGCCTCGCCCTGCGACGTGTGG"
"386","Fxr2","CTCCCTTCATCATCCGCACCCGG"
"387","Fsd1l","ATACCTATCCTTGATCTGTCTGG"
"388","Gabra5","CCGTTGTGGAAGAACGTGTCTGG"
"389","Gabrb1","TTTCACGTATGACATGTTGCTGG"
"390","Gabrb3","CCTCACGCTTGACAATCGAGTGG"
"391","Gabrb3","GATAAAAGGCTCGCCTATTCTGG"
"392","Gabarapl2","TCTCTTTCAAGCCTAACTATGGG"
"393","Fosb","CTGCAAGATCCCCTACGAAGAGG"
"394","Foxa1","GTTGGACGGCGCGTACGCCATGG"
"395","Fshr","TCTAGGTTAATATCCAACACAGG"
"396","Gatm","TCTTTGAGTACCGAGCGTACAGG"
"397","Fut8","CAGAATTGGCGCTATGCTACTGG"
"398","Gabra4","TGCAGTTTAAACGAATCCCCAGG"
"399","Gabra4","TATGACAACAGGCTGCGTCCTGG"
"400","Gfi1","CTTCGGGCACGCGGTGAGCCTGG"
"401","Galnt6","GGTACCGATGTGCTCAAAGTAGG"
"402","Fer1l5","GCCCCTCACAGACCCTAATCTGG"
"403","Gga3","CGGCTGCAATATGGCGGAGGCGG"
"404","Gga3","AATCAAAGTCGTCTCTCCAAAGG"
"405","Gbx2","TGAAGGCAGTCCGCCGCCGCCGG"
"406","Fyn","TACAACAACTTCCACGCAGCCGG"
"407","Gata6","AGCCGCAGTTCACGCACTCGCGG"
"408","Gba","CCCACTTGGCTCAAGACCAATGG"
"409","Glce","CTATTGAAGCCCCCAACAACAGG"
"410","Gareml","CGCACCAGGCGCTCGACGCGCGG"
"411","Glis3","CAGTGCAAGTCCATTGGAAAAGG"
"412","Gjd2","CCGCCAAGCAGCGAGAACGCCGG"
"413","Gjd2","CAGCAGCACTCCACTATGATCGG"
"414","Gjd3","CTGCTACGATCGCGCCTTCCCGG"
"415","Gls","GGCGGTATGATGCGGCTGCGAGG"
"416","Glyr1","TAGCTGTTCCACTTTGATCCAGG"
"417","Gm14137","AGCTCTCTCGGTAGAGGCGTGGG"
"418","Gm3238","CTGGGCTGGCAGGAGGAGGCGGG"
"419","Gm3258","CGAGTCAGTAACTTTAAGCCAGG"
"420","Gm527","GGCATATGTACCCTATTACTTGG"
"421","Gm5294","CGCTGGTTGGCGCGGTAATAGGG"
"422","Gna12","CCGCGACATCGACGCGCTGCTGG"
"423","Gnb5","GCTGCACGAGAACGAGACGCTGG"
"424","Gpcpd1","CCACGATCAATAACCCCTTTAGG"
"425","Gphn","CACGACCATCAAATCCGTGTCGG"
"426","Gphn","GCTGGGAAACATGGCGACCGAGG"
"427","Gpatch2","GCTAGACTCAGTCGCCTTCATGG"
"428","Got2","GTGATTTCCCCAGGATGGTTTGG"
"429","Gnl3","GAGAACATCATCGAAAATTAAGG"
"430","Gpm6b","ACAGATCTGCTCCACACCCGTGG"
"431","Gpr137c","AAATGTCTACCTCGAATCAAAGG"
"432","Gmppb","CATGCCTGCGTTGATCTTATTGG"
"433","Gpsm3","AGCCCAGTCCCGCCGCCTAGAGG"
"434","Gpr173","GCGGCTACTGGGCATGGACGAGG"
"435","Gpr173","CATCAGCGTCACCCGCTACATGG"
"436","Gpr143","CATCCTGCTGTACCACATCATGG"
"437","Grid2","TTCATTCAGCGCTCAACAGCTGG"
"438","Grik2","AGTCGAAGATTGTACCTTGATGG"
"439","Grik5","GCCCCGCTCACTGGTGTCCGTGG"
"440","Grk6","CGAGAACATCGTAGCGAACACGG"
"441","Grm6","GATGATGATGCCCCGGGCGTTGG"
"442","Gpr37l1","AGCTCTCGGTCACCGGATACAGG"
"443","Gripap1","GGCGACCTTCTGTCGAAGACTGG"
"444","Gucy1b3","CTGCTGGTGATCCGCAATTACGG"
"445","Golga1","CACCCAAGACTATGCTGAACAGG"
"446","Hao1","GATCTTGGTGTCGAATCATGGGG"
"447","Gpx4","CGTGTGCATCGTCACCAACGTGG"
"448","Hdgfl1","GCTGAAGCCGCGCCTCTTGTTGG"
"449","Hbp1","CTTGGTAATGGCGACGGGTTTGG"
"450","Hdlbp","GGTCATCTGGGCGTGGGATCTGG"
"451","Gyg","TTTGGCATAGGCATCGTTTGTGG"
"452","Hinfp","CATCCGTCGCCAGACCTCATTGG"
"453","Hipk2","TCACAGTGCTTCGACGCATTAGG"
"454","Hist1h2br","GCCTTCTTGGAGCCCTTCTTTGG"
"455","Hibadh","GGCTCCAACGTGGTATACTGTGG"
"456","Hmg20a","GGTGCATTGCTGTCTCGAAGAGG"
"457","Hist2h2be","CTTGTTGTAATGCGCCAGGCGGG"
"458","Hoxa13","CTACTACCCGTGCGCCCGCATGG"
"459","Hoxa7","CGCCTGCGACAAGGCGGACGAGG"
"460","Hdac8","GTCGCAATCGTAATATTCCCAGG"
"461","Hoxb4","CGGCGTAGTACCCGGGCGAGTGG"
"462","Hoxb5","ATTTGGATAACGCCCCGAGAAGG"
"463","Hist1h4b","TGTCGCGCAGCACTTTGCGATGG"
"464","Hist1h2bh","TTTGGAGGAGATGCCGGTGTCGG"
"465","Hist1h2bk","GCCTTCTTGGAGCCCTTCTTTGG"
"466","Hlf","GACCTGAGCACGCCGTAGGGAGG"
"467","Hoxc8","AACCGGCCTATTACGACTGCCGG"
"468","Hoxc9","ACACGCGCTACATGCGGACTTGG"
"469","Hoxc9","GCGCCGACACGCGCTACATGCGG"
"470","Hoxd10","GAGTACAATAACAGCCCCGAAGG"
"471","Hoxd10","AGAGCGTTAACCTCACCGACAGG"
"472","Hoxd11","CAAGTACCAGATCCGCGAACTGG"
"473","Hipk3","GGCAACCCCAATATAATCTCTGG"
"474","Hira","TCAGTTGATATTCACCCTGACGG"
"475","Hnrnpul1","GAAGGTGAACGAACTTCGCGAGG"
"476","Hnrnpul2","AGCTTACTATGAATTCCGAGAGG"
"477","Homer1","TGAGCTCGAGTGCTGAAGATAGG"
"478","Hs6st1","CTCGCTGCGCTTCGACATGAAGG"
"479","Hoxc5","CCCCGCCACAGATTTACCCGTGG"
"480","Hist1h2bc","GCCTTCTTGGAGCCCTTCTTTGG"
"481","Hoxb9","GGCGCCGAACACCGGCGCTTTGG"
"482","Hoxc10","TTTGACGCGAGAGCGCCGCCTGG"
"483","Hoxc11","CTTATTCGAAATTCCAGATCCGG"
"484","Hspb7","CATCGAGGTGCGGGCTGAGAAGG"
"485","Hmx3","TGCCCTGCCCGCGCACTACCTGG"
"486","Hnf1b","ACAAGAAGATGCGCCGCAACCGG"
"487","Hnrnph1","ATAGGGACCTGGCCGCTGCATGG"
"488","Hnrnph1","TCAACAAAAGCCTCGCCACTTGG"
"489","Hps5","GAATTAAATCAAGAGCGTCGTGG"
"490","Hoxd8","GCGGCGGGATTGCCTGTCACGGG"
"491","Hoxd9","TGAGGGCGACGAGGTGTTCGCGG"
"492","Hmgb3","AGGTGACCCCAAGAAACCAAAGG"
"493","Hyi","GATGGCTGGCCGAGTACCCCAGG"
"494","Hgf","AACTACTGTCGAAATCCTCGAGG"
"495","Hnrnph3","ATTGGTCTATCATATGGTCCCGG"
"496","Hist1h2bl","GCCTTCTTGGAGCCCTTCTTTGG"
"497","Hist1h2bq","TCACTTGGAGCTGGTGTACTTGG"
"498","Hist1h2bq","GCCTTCTTGGAGCCCTTCTTTGG"
"499","Hist1h2br","TCACTTGGAGCTGGTGTACTTGG"
"500","Igfbp7","TTCCATAGTGACGCCCCCCAAGG"
"501","Id4","ACGGCGCCTTGCGGCCCGAGGGG"
"502","Hspa4","GATATTGTGCAGTTGCCCACAGG"
"503","Gtf2f2","CTTGCAAATATTCATGACATTGG"
"504","Ier3ip1","TCTGTAAGAACCGTGATGAGAGG"
"505","Igf1r","ACATTACTCGGGGGGCCATCAGG"
"506","Igf2bp1","ATATTCCACCTCAGCTCCGATGG"
"507","Ikzf2","CCACCTCGCTGCTCTCAATTAGG"
"508","Il1rapl2","AAGTGTTATAGATGTCCAGCTGG"
"509","Il17d","GGGCGACACGCTGCGCAGGTTGG"
"510","Ift122","CGTCAACACGGCCCTCATCGCGG"
"511","Igf2bp3","GATAGTTTACTAGTCCAGTATGG"
"512","Igf2","GAACTTGCCCACGGGGTATCTGG"
"513","Ilf2","CGTGGTCGTGGTGGGCGCTTTGG"
"514","Ip6k1","CGGCGGGAGTGTTTGCGCCGAGG"
"515","Irs2","AGCCGCACTTGCGCACGCTGTGG"
"516","Insm1","AGTCCACGCCCGTGTCCTACCGG"
"517","Immp1l","TCAGTGTTCTGGACCATCAATGG"
"518","Ina","CACGCCGAGCCGTCGCGCGTCGG"
"519","Irx4","AGCAGCCGGCTCTCGTAGACCGG"
"520","Irx5","TCCGCGTTCTCGCCCTACGCTGG"
"521","Ints5","TCCGCGTTGTGCGACCCTCCCGG"
"522","Ints6","GTTCATTCATAAACGTTGCATGG"
"523","Jagn1","CCGCGAGCGGCCGGCACCGACGG"
"524","Itga3","ACTTGCCCACCATGCGCCGCTGG"
"525","Ivns1abp","GTTCTGTGATGTTCGACTTCAGG"
"526","Kcng3","GCGCATGCGGCGGACCTTCGAGG"
"527","Ipo9","CGGATTGCCAGTGCCCCCTGGGG"
"528","Ippk","GAAGTCTGGTTAAATTGGGAAGG"
"529","Itpr2","TGACCGAGCCCTCCGCGTACAGG"
"530","Kazn","TCTCGCCCTTTAAGCGCTTCCGG"
"531","Kazn","TGCGGTGCTGCTCATAGTTGCGG"
"532","Kcna6","CGGCGCCGGGGGAGGTCCGTGGG"
"533","Kcna3","GCGACCCCAAGCGGCGCATGAGG"
"534","Kcna4","TTCGTCTGGTCCGAGTATTCCGG"
"535","Kansl1","CAAACAGATACGTGCTAATAAGG"
"536","Kat5","CTGAGGGTACCGTTGAGCGGTGG"
"537","Kat5","GATTGGCAAGGTCTTCCCGCTGG"
"538","Kat6a","CTCAATGCACTGCCACCGTAAGG"
"539","Kcnc3","GGCGCAGGGACACCCCGCTCAGG"
"540","Itpa","GAACAGGTCATTCAGATTCTAGG"
"541","Iffo2","CTGCCGCCGAATCGATATCACGG"
"542","Kcnj9","TCTCGAAGTCGTCCCTCTCGAGG"
"543","Kcnk12","CGCAACTTCAGCGCTGCGCACGG"
"544","Ik","GATGCCAAGGGAGTACAATGAGG"
"545","Kcnip1","CGCTGCCATGGGGGCCGTCATGG"
"546","Kcnj13","AGCGCCAGCGCATGTCCATTAGG"
"547","Kcnj16","TTGCGGTCAAGGGCATACAGAGG"
"548","Kcnn2","TGATCATCGTGTACCACGCCAGG"
"549","Kcnn2","GGACTGTCCGAGCTTGTGAAAGG"
"550","Kctd2","TGGCGGAGGTAGTTTAGGATAGG"
"551","Kctd4","ATAAATATCCACCAACGTTGAGG"
"552","Kdm2b","CGCACTTGCGGCATCGCGTCCGG"
"553","Kdm5c","CAAGATCCGCCGTTCTACATTGG"
"554","Kdsr","AACTCTGGTTGCACGAAATGAGG"
"555","Kif1b","GCTGGTCTCTCGAGAATTGAAGG"
"556","Kif21b","GATCCGGCCCCAGCTGTCAAAGG"
"557","Kif13a","GGAACTGAACACCAAGTGCGTGG"
"558","Kif17","CAACGAGATCGCCTACCCGCTGG"
"559","Klf13","CTTTCTCGCAGCCCGCGTAGTGG"
"560","Klhl6","TTTCGGAGCGCACCAAGCCCAGG"
"561","Krt12","GCTTCAGTCCAGCAAGAGCGAGG"
"562","Klhl20","TGCATTAGTGGTCGTTCTTGCGG"
"563","Kpna4","TAAGTGCAGTTCAAGCTGCTAGG"
"564","L3mbtl3","AAATACGGGCCTGGAGCTCGGGG"
"565","Krtap5-1","TGCAAGCCCTGTTGCTCTTCAGG"
"566","Krtap6-1","TGTGGCTATGGATGCGGCTCTGG"
"567","LOC100504608","AGGCAAGAAGGTGATCGAACTGG"
"568","Lbx1","CTCCGAGTTCTGCTCGAGTTCGG"
"569","Lce1a1","GAGGACACTTGGGAGGGGGCTGG"
"570","Lce3c","AGCAGCAGCCCCCAGAGCTGTGG"
"571","Lce3d","AGCAGCAGCCCCCAGAGCTGTGG"
"572","Lce3e","AGCAGCAGCCCCCAGAGCTGTGG"
"573","Lce3f","AGCAGCAGCCCCCAGAGCTGTGG"
"574","Lcor","GCGCGCTTAGTAAAAAATTAAGG"
"575","Lgr4","GTACCCAGTGAAGCCATTCGAGG"
"576","Lhx4","TGCGGACCACCTGGGTCGGGGGG"
"577","Lingo2","CTGCGTTCCCTCCGCCTAAAAGG"
"578","Lin37","CTGCCCGCTTCCCCCACCAGCGG"
"579","Lin9","AAAGCCCTTGTCAGTTTAAAAGG"
"580","Lmtk3","ATGAGGACCACAGCGTAGGGAGG"
"581","Lmx1a","TGCGGCTCAACGACAGCTTCTGG"
"582","Lmx1b","ACGACTCGTTGACTCGCATCAGG"
"583","Lmx1b","CCCTCGCAGACGGCGGGATGCGG"
"584","Loxl1","CTTGAGGTTGCCGAAGTCACAGG"
"585","Lrfn5","CATCCAGTTTACTACGGAACAGG"
"586","Lmo2","CAATGTCCTCGGCCATCGAAAGG"
"587","Lmo3","TCAGATAGTCTCTGCGACAAAGG"
"588","Lmo4","AGAGGGAGCCGGCCGTCACCGGG"
"589","Lrrc4","GAATCCACACTTGCGCCGTGAGG"
"590","Lrrc4","CTGTGACTGTACTCCGCTGCTGG"
"591","Lrrc38","GAACAACTCGCTGCGCTCGCTGG"
"592","Lrrn4","GGGTGCTAACCAGTAACAGGTGG"
"593","Luc7l3","GTATTTGTGAACAATTCCGCAGG"
"594","Ly6h","CTTAACGAAGTCGCAGGAGGAGG"
"595","Ltbp1","CTCACCCACTCGGAAGTTCGTGG"
"596","Lypla1","GGATGGGCAGAAGCCTTTGCAGG"
"597","Maff","CGAGAACGCCGCCATGCGCCTGG"
"598","Maf","AGAAGCGGTCGTCGAAGTGCAGG"
"599","Mapre1","TTCTCTGCAGATAATTCCTGTGG"
"600","Maf","GGCGATCACGGCGGACACCACGG"
"601","Madd","CCGTACCTTTGTACACCTCGAGG"
"602","Marveld1","GCGCTGGCTCGTGGTCAACGTGG"
"603","Map1lc3a","GTCCGCAGCCGACCGCTGTAAGG"
"604","Map1lc3a","CCCGCGCGATGCCCTCCGACCGG"
"605","Map1lc3a","CTACATGGTCTACGCCTCCCAGG"
"606","Map2k1","ATGATCTGGTTCCGGATTGCAGG"
"607","Mbnl2","ACATAAAGGGGCGTTGCATGAGG"
"608","Map2k3","CCACAGACCCCCCCGGAACCTGG"
"609","Map2k5","CCATGTATGTTCCGTTCCCCAGG"
"610","Map2k6","ACTTACGTGGAACTGGTCTGAGG"
"611","Mcf2","TGCAAGGTGCCGCCTAACTCAGG"
"612","Mepce","GCGACGTTTGCGATGTCGGGAGG"
"613","Matr3","GAGTGGAGTCAACATATCAATGG"
"614","Maz","CAGGTGGTAGACGTCGCGGAAGG"
"615","Maz","CGCCGTCATGTGAGCGCACGTGG"
"616","Mcmbp","GTCAGGATTAACTCCATTTTGGG"
"617","Mcmdc2","GTTAAGACTCTCTCATTAATTGG"
"618","Mcoln1","TGCCAGCGGTACTACCACCGAGG"
"619","Marcks","TCGCTGCGGTCTTGGAGAACTGG"
"620","Mecp2","ACGGGCGTCCGGCTGTCCACAGG"
"621","Mettl20","CGAGTACTGATTGGTGACCCTGG"
"622","Med13l","GAGCAGCGTCCTACATTCATAGG"
"623","Med13","AGAGTGCCATTTAGTCCAAATGG"
"624","Meis2","CATCGCGGTCTTCGCCAAGCAGG"
"625","Mcrs1","CCCACTCACTTGGAGATGACAGG"
"626","Mkln1","CCTTGTCGATTCATTAAAATAGG"
"627","Mex3a","AGACGAGCGCGCCCTTCAGCTGG"
"628","Mgat2","GGTGCTAATCCTGACGCTCGTGG"
"629","Mfsd6","TGATCGTTGCCACTCAGTTCCGG"
"630","Mlip","GTTTCTCGACCAGCTGCTCTTGG"
"631","Mib1","TTCCATCGAATGCCAATGATCGG"
"632","Mif4gd","CATGTGCTACGCCATCATTCAGG"
"633","Mfap3l","TCAGTTCTGGCAATGATTACGGG"
"634","Mfng","GTGGATGGGCCGGTTCAGGCTGG"
"635","Mief1","CTTCGGGACATGTACTTGAGTGG"
"636","Mier1","TCAAAATATTTACATCGACGTGG"
"637","Mia3","AAATTCACAAAACGACAATCCGG"
"638","Mllt1","CCTCACTAACCTTGGAGCCGTGG"
"639","Mpc1","ATCCGCCCACTGATAATCTCTGG"
"640","Mphosph6","ATATTTAATACCTCAACCTCAGG"
"641","Morf4l1","CACTCACCCTCCTGGAATTTAGG"
"642","Mnat1","TGAAGATCCCACTGTTGATAAGG"
"643","Morc2a","AAAGCATAAATCCTCCTCGAAGG"
"644","Mroh2a","GTCCCGAAACCACTTCAGCTTGG"
"645","Mroh5","TTAGCCCGTAGTAGGTGAACAGG"
"646","Mpped2","CACAGGCGATTTCACCGAGCTGG"
"647","Mrps22","GCTTTGCGTAGTGTGCCACTTGG"
"648","Mrps34","CGCGTGAGGCGCCAGTAGCACGG"
"649","Mob3b","CAACTCGGGTGTGGACCTGAAGG"
"650","Mob3b","GATGAACCTCATAGACCGCAAGG"
"651","Mob3c","GGCCCCGCTACGAGTACCGCTGG"
"652","Msh5","CTCTCGTGGTCTGGGGCATCTGG"
"653","Msi1","GCACTTTATCCACCCCCGCCTGG"
"654","Msi2","AAACTTACCCGGGGTCGTGCTGG"
"655","Msl1","CCATACGTTCAATCCGAGCAAGG"
"656","Msl1","GAGGATTCCCGTAATGGTAACGG"
"657","Mtmr4","CAAGGATCTGTTCCCCCCCAAGG"
"658","Mtch2","ACAATAGGACGAAATATTTTTGG"
"659","Mtcp1","TTATCCATGTAGCGCTCCTCCGG"
"660","Mtdh","TCATTGGATTCAACTATCCCTGG"
"661","Mtdh","CAAAACAGTTCACGCCATGATGG"
"662","Mthfr","CCCCTACAGGTTTGACCGGATGG"
"663","Mug2","TTCCAGGAAGTATATGGTGCTGG"
"664","Mylk4","GATCAGCGTCATGAACCAGCTGG"
"665","Nabp1","GATATTATTCGGTTGACCAGAGG"
"666","Nat8l","TGCGGCTGTAGTAGTAGCGCAGG"
"667","Myo5c","GCCATCATCCACGCCTACAGCGG"
"668","Myo9a","AATAACAATTCAAGTCGTTTTGG"
"669","Mynn","CACCATGATGCATGCGACTATGG"
"670","Napg","TGCAGAGCTTATGAGCAAGCTGG"
"671","Myh8","GTCCTCGATCTTGTCATATTTGG"
"672","Naa50","TTCCAGTAGCCGGATCGAGCTGG"
"673","Naa50","GTTGGCGAGCTAGCAAAACTTGG"
"674","Nat10","GTAGCAGTAGCGAATGTTTGTGG"
"675","Ndn","CGACCCTAACTTTGCAGCCGAGG"
"676","Ncoa7","TTTCGCCTGTGCCATAATAGTGG"
"677","Ncor2","TCAGCTTCTTCCGCATCGCCTGG"
"678","Naif1","CAAGACCGAGGTCCGTCGCAAGG"
"679","Ncmap","ACCTGTTGTACATCTTCAGCAGG"
"680","Ncf1","CACATGGAACTCGTAGATCTCGG"
"681","Necab3","CCCCATCAGCAAAGTAATTCTGG"
"682","Ndrg4","TCGGCAAGATGCCGGAGTGCTGG"
"683","Nfatc2","ACCTCGAACCAGCCTCGCCGAGG"
"684","Nfe2l1","TTGGCGACAGGATATTGATCTGG"
"685","Neto2","CCACAGTAACGATCTATAAGAGG"
"686","Nelfe","CCACTTTCCAGCCGTTCCAGAGG"
"687","Nfxl1","AAGATCCACCTTTAGATCCGTGG"
"688","Nkx6-2","CGCGTGCCGCTTGCGCCACTTGG"
"689","Nfat5","ATGCTGCTGAACTGTGTTACTGG"
"690","Nfrkb","GTCCGCCACTCCCGCTCCTCAGG"
"691","Nfs1","AACCTGGCGAGCACGTTCCATGG"
"692","Ndufs2","GTCAAAGTATGGAAGGGCCTGGG"
"693","Ndufs4","GCTCGCAATAACATGCAGTCTGG"
"694","Nfib","TTTACAGATTCTGGACAATCAGG"
"695","Ndufa4l2","CTCAGGCGGTTCCAGGGCTCCGG"
"696","Ndufa6","GCACCTCCCGATACCAAGCGCGG"
"697","Nktr","AATCGAGGGAAACATACCAATGG"
"698","Nek9","ACAACTTGTCCTTCTGACGAAGG"
"699","Nlgn2","ACGCTCAATCCGCCAGACACAGG"
"700","Nlgn2","ACCAGCCGCTCAAGTACACGCGG"
"701","Nlgn3","GCCGATCTGCACGCCCGCTACGG"
"702","Nlk","TTGAAATATCTCCATTCAGCTGG"
"703","Nlk","GCCCAACGTCTTCCAGAATCTGG"
"704","Nog","CTGCCCACCTTCACGTAGCGCGG"
"705","Nol10","TAGGAGAATTGAACTTATTCAGG"
"706","Nop58","GTTGTTAATGAACTTATGAGAGG"
"707","Notum","GGAGCTCATGAGGCGCCGCATGG"
"708","Nova1","CTCACTTGTTTGATGCGATCTGG"
"709","Nptx2","CGCGGTCCCATATGTTGAACTGG"
"710","Nt5m","AGCTGCAGCCCCCTCGCCGCAGG"
"711","Npat","TAACTCACCAGTAAGCAGGCTGG"
"712","Npr3","TCCTGTAGGTATCGCCGGGCAGG"
"713","Nphs2","AAGAGTAATTATATTCCGACTGG"
"714","Nrg3","CCTACTTGGATCCGATAAGATGG"
"715","Mtmr14","TCGGCCACACTGGCTGGATGGGG"
"716","Nrxn2","CACCTGACGTTAAACAGCGAAGG"
"717","Nnat","GTATACCTCACTTCTCGCAATGG"
"718","Nr2c2","GATCCAGATAGTCACCGCAGTGG"
"719","Nt5c3b","ACGGTCCTGATGCGGCAGCCTGG"
"720","Ntn3","CGACTGTCCGGCCGCCGCAGCGG"
"721","Nploc4","ACTCACGATGCTCTCGGCCATGG"
"722","Nufip2","GAGCCTAACAAAGTGTTCGTAGG"
"723","Nufip2","AGTCTGGTCCTTCATTGATCTGG"
"724","Ntrk3","AATCCGCCAGAAACTACACTTGG"
"725","Nxph2","TCACTATGGTAATTGTAGTCAGG"
"726","Nudt16l1","CCGGCGCTTCTGGTCGCTGGAGG"
"727","Nupl1","TCTTTAGGGGGAGCCTTAGCTGG"
"728","Nxt2","TTAGATTGCCAACCAGTTCATGG"
"729","Nyap1","GGGGTGGCAACGGTGTCGAGTGG"
"730","Nrd1","GCTGATCCAGATGACCTGCCGGG"
"731","Nrf1","CTGCCGCCTCTCACCATCGACGG"
"732","Nudt21","ACCTGAGGAGGTTCAAAATTTGG"
"733","Ogfr","TTGGCATGCCAGTTCACTCCCGG"
"734","Ogn","TGAATTACACGTAGACTTTCTGG"
"735","Ogt","CTATACACTTCCAGTGTCGAAGG"
"736","Ola1","GATGATATCACGCATGTTGAAGG"
"737","Olfr275","GAAACAAAGTTTGCCAGCATTGG"
"738","Olfr654","AATGAGTCCAATGCGACTATTGG"
"739","Olig3","TCAACGGACGCGAACGCAAGCGG"
"740","Osbpl2","TGTACTCTGTGATCCGCTGCAGG"
"741","Otp","CGACTGCAGCCCCGCGCCGTTGG"
"742","Ostf1","TTTCAATCTAGTGGCTGAGCAGG"
"743","Ostn","TGGATCGGATTGGTAGAAACCGG"
"744","Osbpl8","TGGCGCTGACTCATCTTTCCTGG"
"745","Ost4","CGCCATCTTCGCCAACATGCTGG"
"746","Oser1","CACAATGAAATCCGAAGCCAAGG"
"747","P4htm","TCATGCGTGCCATCCGCCAGAGG"
"748","P2rx2","CGAGACGCCCAAGGTGATCGTGG"
"749","P2ry1","TGTAGATGAAATAACTTCGCAGG"
"750","Padi2","GGGCTCTTCCTCACGGCCATTGG"
"751","Otx2","CTCAGCCCATTGACTGCGTAAGG"
"752","Pabpn1l","GTCCAGAGAACTTGTCGCACAGG"
"753","Pak3","CTTTGAGCATACGATTCATGTGG"
"754","Paip2","TCGAGATCTCCCACAAACTATGG"
"755","Pcdhga11","TCGCACTTTGTGGGCGTGGACGG"
"756","Panx2","TTCGACCGCGTGGTCACCATCGG"
"757","Pard3","CTGCCGCCTCGAGCACTGAAAGG"
"758","Pbx3","TGTGATAGATTTGTCTGATCTGG"
"759","Patl1","GAAGTTCTGAGGCGAATCCGAGG"
"760","Pcdh10","ACAGACCTCGCCGAGTTAACAGG"
"761","Park2","TGTCAGAATCGACCTCCACTGGG"
"762","Pax2","AGAACCCGACTATGTTCGCCTGG"
"763","Pcbp2","TCCTGAGAGAATTATCACTTTGG"
"764","Pcbp2","GAGAGAATTATCACTTTGGCTGG"
"765","Pcca","CAGTAAAAGCTACCTCAACATGG"
"766","Parn","ACCTGAAAACTCCCCATCGATGG"
"767","Parp6","ATATGGAACTATCGATGACGTGG"
"768","Pam16","CCTCACCTTCTGGACCTCCTCGG"
"769","Papolb","TAAGAAGCCTTAACGGTTGCCGG"
"770","Pbrm1","CAAACTCATTTCTTGTTCGAAGG"
"771","Pcdhgc3","GAGCGCGCACGATCCCGATGTGG"
"772","Pctp","TGCCGTCACTCTCGATCGCCAGG"
"773","Pde5a","TCAACTTCTGCATTGAACCGAGG"
"774","Pde2a","GGCTCAGCCGGTCGCGCTGCCGG"
"775","Pdha2","CTGCAGACCTACCGTTATCATGG"
"776","Pfn2","ACTGCGACGCCAAATACGTCTGG"
"777","Pdlim7","GACTGGCCTGTCCCCGGCCGCGG"
"778","Pdik1l","TCCCGTATTAGATCGTACTTTGG"
"779","Pdzrn3","CCCGATGCAGGACAAGAGTCAGG"
"780","Pfdn2","AAAGCACAACATTCGTCTCATGG"
"781","Pcyt1a","ACTTTAGTAAGCCCTATGTCAGG"
"782","Perp","CGCCTTCGACATCATCGCGCTGG"
"783","Pex5l","CAGCTATTGTCGCCCTCCAGAGG"
"784","Pias1","CAGCGTAGCCCAACAGTACTTGG"
"785","Pex13","CAGAAGCCAACCACGCACTTTGG"
"786","Phlda3","CGCTGCGTGCTCACCGAGCGCGG"
"787","Pgrmc2","AAGTCCCGCTTCTTCATGCGAGG"
"788","Pigf","GCGACCTTTGGCTACGTGGCTGG"
"789","Phox2b","CAGAGCAGTCCGTACGCCGCAGG"
"790","Pim1","CCCACTCACCGGCAAGTTGTCGG"
"791","Pitx2","AGTCGGCGGCGCGTAAGGACAGG"
"792","Pitx2","GACTCGGGCTTCCGTAAGGTTGG"
"793","Phf20l1","TGTTGTCCTATCGACCCAGCTGG"
"794","Phf21a","GATGGAGTTGCAGACTCTACAGG"
"795","Phkb","CAGGCGCATTGATGATGACAAGG"
"796","Pkp4","TCAACGACTCACCCGAGAACTGG"
"797","Phtf1","AATCGAACAGACTCAGATTAAGG"
"798","Pklr","GGCCGCATCTACATTGACGACGG"
"799","Phc2","ATCCTGACGCATGTTATCGAAGG"
"800","Pir","GGATGATCAGGAAATCCTCCTGG"
"801","Plaa","GGGACACCACTGCTAAAGTCTGG"
"802","Phip","CTTCCAGGAACCGGGCGATGAGG"
"803","Plxna4","ACATGATGTAGAGTTGCTCGTGG"
"804","Plp1","GGCCTGAGCGCAACGGTAACAGG"
"805","Plekhd1","TGCCATGAAGATCTCACACCAGG"
"806","Pole3","TGCCCAACGCCGTCATCACCAGG"
"807","Pnn","GCCCATCCAAGCCAGATTGCTGG"
"808","Plxna1","CAGGCCTGACCTTGCGGATGCGG"
"809","Pgk1","CAGGGATGTTCTGTTCTTGAAGG"
"810","Pou6f2","TAGCTGTCCCGCCATGTTGAAGG"
"811","Podn","CACTGATCAGGGCGTTTGGCAGG"
"812","Poglut1","TCCCACCGTCCAAGACCTGTAGG"
"813","Pou3f2","ATGCCGTTCACCGTGAAGCTGGG"
"814","Pou3f2","CGCCGTAGTCGCCCTGCACCAGG"
"815","Pou4f1","AGCGACGGGTACTTGTGCTCAGG"
"816","Polr2j","CGAGTCGTTCTTGCTCTTCGAGG"
"817","Polr2m","CGTTGCGCAAAAGTCTCTCCTGG"
"818","Polr3e","GTTATGCCGCTGCACTCTACAGG"
"819","Ppan","CACTCGTTCGTGTTCACGCGGGG"
"820","Ppp2r1b","TCGTCGATTAAAACCGCGATTGG"
"821","Ppm1g","TCACAACTGTATTCCTGAGCTGG"
"822","Ppp1ca","CTGACAGAGAACGAGATCCGCGG"
"823","Ppt2","ATAGAGGTTAGACCGCATGGAGG"
"824","Ppp3cb","AAGAGTCTATGAAGCTTGTATGG"
"825","Ppp1r1a","GTCATCTTCTTCCGTTGCCGTGG"
"826","Ppp2r5b","CTTACCATGCGGATGATGTCTGG"
"827","Ppp2r2b","CGAACTCGGGTTCATGGCTCTGG"
"828","Ppp2r2d","CGGGCGGCAACGACTTCCAGTGG"
"829","Prdm12","GCCGGTGGCGCGCGCTCTTCTGG"
"830","Prdm6","TGAGGTATATCCGATGTGCAAGG"
"831","Ppp6c","GATGAGTGCCAAACCAAATATGG"
"832","Ppp6r3","CTTACATCTTCTTCTTGCGATGG"
"833","Prelp","CTAGGTTGTTGGGGCAAATCTGG"
"834","Prkaca","TGAACCTTCCAATCCGCCGTAGG"
"835","Prkg1","TACTCTTGACGGTCGCTGTCCGG"
"836","Prpf40a","CCCATAGGGGGCATCATCTGTGG"
"837","Prpf40b","TCGGCAGACGGCTCCGGGTGCGG"
"838","Prrt2","ACCGCCTAAGTTGATGACGCAGG"
"839","Prrx1","CTCCAGAACGTGCCCGTAGCTGG"
"840","Ptbp3","ATATCATTAGGTCTACCATTTGG"
"841","Psmb3","TTACACTGTCTGGACGTCAGTGG"
"842","Ptar1","GCTTTCTCGTTCTGTACAAAAGG"
"843","Ptchd1","CGCCAGCTTCAGCCGCTACCAGG"
"844","Pten","GCAGCAATTCACTGTAAAGCTGG"
"845","Psma2","GTGGCATGGGCCCCGATTACAGG"
"846","Psmd6","AACAGATACTGCCGAACTGCTGG"
"847","Psma5","ATTGCAGGTTGTGCCATGAGTGG"
"848","R3hdml","TAATGGCGTAGTTGCAGACCAGG"
"849","Rab10","TGATGGTGTGAAATCGCTCCTGG"
"850","Rab11a","CATTTCGAGTAAATCGAGACAGG"
"851","Ptgs2","TTCAAGACAGATCATAAGCGAGG"
"852","R3hdm1","GCTCAAAGTTAAAGCTAGTTCGG"
"853","Ptpn4","TAAACTTACTGGGTTATCTGTGG"
"854","Rab14","CATATAACCACTTAAGCAGCTGG"
"855","Rab14","GCTGATTGTCCTCACACAATTGG"
"856","Rab18","CCAGAACTTGCAGCAACAATAGG"
"857","Pygm","GAGGATCTACTACCTGTCTTTGG"
"858","Pygm","TGCCAAGTGGGTGGACACACAGG"
"859","Qk","CAACCACCTCGAGCGGCTGCTGG"
"860","Pum2","TTCAATGTCCCAGCCTATTATGG"
"861","Pum2","CCTGATGATTCAACAAAAGATGG"
"862","Pura","CGTGGAGTTCCGCGACTACCTGG"
"863","Pura","CATCGAGTTCCGTGACGCTCTGG"
"864","Purb","CATCGAGTTCCGCGACGCGCTGG"
"865","Rab21","AAAGAGTAAACCTTGCCATATGG"
"866","Ptprn","GGCTCTGGGGGGCGAAGCCTGGG"
"867","Rab39b","CCTCGGTGAAGCGGCGGATCAGG"
"868","Rab6a","ATTCCCGAAGTCTCCGCCCGCGG"
"869","Rap1gds1","AAGTGCTGCTTCAAACGGGCAGG"
"870","Rap2b","CGGGTCGTACTTCTCGATGAAGG"
"871","Rapgef1","CGGCGCAGCCCGGAAATGTCCGG"
"872","Rassf4","GAAGGGACTCTGATCATCGAGGG"
"873","Ranbp9","GTGAACATGAATAGACTACCAGG"
"874","Ralgps2","TGCTTGCCTGCCCGTTCATTAGG"
"875","Ralgapa1","CATCGCTGATGAATTCTTTCTGG"
"876","Ralgapa2","CATCGAAAGAAAATTCGTTCAGG"
"877","Rad52","CGTAGAACTTGCCATTGTTGAGG"
"878","Rbm26","GACGATGGCTGCTCTGGAGGAGG"
"879","Rbm27","AGCCAACTATGTTGTAGCACTGG"
"880","Rbm10","ACGATGGATGGAAGCCAATCAGG"
"881","Rbm10","GCTGTCTCCAGGTCAGAGCCGGG"
"882","Rbp4","AGTCCGTGTCGATGATCCAGTGG"
"883","Rbm5","CTGTCTCTAGGTGTAAGCCGTGG"
"884","Rbm6","CTGTCCCCAGGTTACGACTATGG"
"885","Rbm47","AACAACTACGAGATCCGCCCGGG"
"886","Rbm14","CTGCGGTCGCGACCAAAGAAGGG"
"887","Rbm15b","TACGGGCTGTACGACGACCGTGG"
"888","Reps2","CTTCCCCGCCTCATTACCAGAGG"
"889","Rbm8a","TAGAAGAGGGGTCCCGAGCGCGG"
"890","Relb","CTACGAGTGCGAGGGCCGCTCGG"
"891","Relb","GCGCTTCCGCTACGAGTGCGAGG"
"892","Rbmxl1","TGCCTCCCCCTCTATCAGATCGG"
"893","Rere","ACTGTGTGTATATCGAGAGTCGG"
"894","Rev3l","TACCTCTATGTGCCATACGATGG"
"895","Rfx3","GGGATTCAGATGGGCGTCACAGG"
"896","Rbpj","TTTCCAGGAAGTTTGGTGAGAGG"
"897","Rbpms","GAAGGAGAACACCCCGAGCGAGG"
"898","Rc3h1","TTCTGAGTCGCCCAATGCAGAGG"
"899","Ric3","ATCAGCTCCGAGAAATCACCAGG"
"900","Ric8b","AGCGCGCCCTCTACATCGTCCGG"
"901","Rhob","GGACATGCTCGTCGCTGCGCAGG"
"902","Rhbdl1","ATCGGTGCGGACACCTTCGCTGG"
"903","Rgl1","GAATCGAGCTCTGCCAGGGACGG"
"904","Rhcg","CGCTGAAGCCGTAGCGCTGCAGG"
"905","Rin3","TTGCGTTCTACTGTGTCAGTAGG"
"906","Rgs4","CAAGATAGAATCGAGACTTGAGG"
"907","Rgs7bp","TCTCTTCAGTTTCATCGAAAAGG"
"908","Rnf141","TGTACGGGTGGTCTGTACCAAGG"
"909","Rnf11","ATGCACGGCAGAAATCGAATTGG"
"910","Rnf121","CTCTAGTACAGACAACCCCAAGG"
"911","Rnf130","ATCCACTGTTTGATATTAGGAGG"
"912","Rnf19a","GTCGAGCAGCATCACAGGTCTGG"
"913","Rnf207","AACTGCAGCAGCCGGTCCACCGG"
"914","Rnf149","GTTCGGTGATCCAAAAGCCATGG"
"915","Rnf150","AGACAAACACAACCGACGTGCGG"
"916","Rnf5","TGGCTCCCTCGCCCATAAAGCGG"
"917","Romo1","TCCTCCTCAGGATCGGAATGCGG"
"918","Rp2h","GAAACAGTAGGTCGCTTACCTGG"
"919","Rps6","TAAGGAGAGAAGGATATTCCTGG"
"920","Rragb","ACATTCTCATGTTCGATTTCTGG"
"921","Rtcb","GTACTTACCACCACCTCGACAGG"
"922","Rpa2","GGCGGCTACACGCAGTCCCCGGG"
"923","Rsbn1","CCTACCGAGCAGGTCCTATGCGG"
"924","Rsbn1","ATGCGGCAGATAAGTCTTGTTGG"
"925","Rsf1","CCATCTTTGTCTCGCCCAATTGG"
"926","Rps12","CACGTACTTGTCTAAGGCTTTGG"
"927","Rpia","TACCTATTCGCTGCACAGCGTGG"
"928","Rpl10a","CTCACTTGCGGCGCTTGCGCTGG"
"929","Rpl4","TTTGTTAGGTCATCGTATTGAGG"
"930","Rpgrip1l","ATTAACTAGCCGTATTAACTTGG"
"931","Rpl15","GGGTGCATACAAGTACATCCAGG"
"932","Rps3a1","TGCAGGATTCCAGACAGCATTGG"
"933","Rspo1","GAGGAACGACATCCGCCAGGTGG"
"934","Rpl19","CTTACGCCAGGAGCTTCTTGCGG"
"935","Rpl4","TGTTTGCACCAACCAAAACCTGG"
"936","Rpl5","ATACCCTGCGGGCCAGCAGCAGG"
"937","Rpl7l1","ACTCACCCCCAGGTCACATAAGG"
"938","Rtl1","CACACTGACGGTAACGTTGCAGG"
"939","Rtn2","CGGACACGATGCTAAAGTGCAGG"
"940","Rundc3b","CATGAGTGCTACTCTGATCCAGG"
"941","Rundc3b","CAAAGCAAGACCGATCAATCAGG"
"942","S100a5","GTTCCTGACCACGCTGTGCATGG"
"943","Rps27rt","CGAGAACATGCCTCTCGCAAAGG"
"944","Sarm1","AGGGACCGCGTGGCGCGCATCGG"
"945","Scaper","ATTTCAAAGCATTGATTGACTGG"
"946","Sbf1","GTAGTCCGCGAGCCGCGCCATGG"
"947","Rps21","TCACCTCGGCCACGTTCATCTGG"
"948","Scaf8","CAGAATTTATATCGTTGCCCTGG"
"949","Scmh1","TCATGGGGTCACCTCTAGGTGGG"
"950","Scoc","GAACTCCAACACACACTTGAAGG"
"951","Scn3b","AGGAAATCTTTACCGCCCTCGGG"
"952","Scrt2","GCGCGCAAGTGCCCGACGTGCGG"
"953","Sec14l3","CATCACGGTCATAGCCACACAGG"
"954","Sema7a","CAGCCCGGATGAGAACTCCCTGG"
"955","Setd5","TCGCCCGTAGAGGAACGCTGTGG"
"956","Setd5","GTGTATTCCACTCATAATTATGG"
"957","Sf1","CTGACTCGTAAACTGCGCACAGG"
"958","Shank2","TGGCAAGCCGGACTAAGGACCGG"
"959","Serf2","CCTGGGGCTACCTCTGCTTGCGG"
"960","Serf2","CATGCAGCAGAAGCAGAAAAAGG"
"961","Sfrp1","GCTCACGTAGTCGTACTCGCTGG"
"962","Sfrp2","GGAGGTGGTCGCTACTAGCGAGG"
"963","Sh2d3c","GACAAGGTCACCCGCAGCGATGG"
"964","Serp2","AAGCCATGGTGGCCAAACAGCGG"
"965","Sh3bgrl3","CCGACGTGCTGTAGACGCGCAGG"
"966","Sh3bp4","GTGGTACATCGGCTACTACCAGG"
"967","Serpinb2","TGTCTCATACCGAGTTCACACGG"
"968","Sgms1","ACATTGTAATACACCGATACAGG"
"969","Sidt2","GCTGTTTGTGGTCCGCCAGAAGG"
"970","Skor1","TTCGTCCGCGGTGTCCACGTCGG"
"971","Shisa3","CACTTACGCGCGGTGATGCCTGG"
"972","Six1","CCGAGTTCTGGTCTGGACTTTGG"
"973","Sipa1l3","CTCCCTCTACACGACGTACCAGG"
"974","Slc22a17","GATGTTGCGGTAGTTGAGGAGGG"
"975","Six3","CGCCAGTTCGCGTTTCTTGCTGG"
"976","Six3","TACATCACATTCCGAGTCGCTGG"
"977","Six3","TACTTGTCCACCGGGCCGAGTGG"
"978","Skida1","GGAAGGCGACGTAGTTTCCCTGG"
"979","Slain2","ACTTGCCTGCACCAAACTAATGG"
"980","Slc13a5","CACCACGTTGGGTCCCGTCCCGG"
"981","Slc17a7","TGTATGAGGCCGACAGTCTCTGG"
"982","Slc1a3","AATGGCGGCCCTAGATAGTAAGG"
"983","Slc25a33","CGCGTCTTAATGACTTCTAGTGG"
"984","Slc25a33","GGTGCAACTCCAACCAAATTTGG"
"985","Slc26a9","CTTTGCCGTTATCAGCATCCTGG"
"986","Slc5a1","CAGGCCGAAGTATGGTGTGGTGG"
"987","Slc48a1","GCTGCGCGGCTTCTTCTTCGTGG"
"988","Slc35d2","TGCCGATGTTCACCGTGCTCAGG"
"989","Slc35d3","GCACAGCTGCCGCATCGCGCCGG"
"990","Slc4a8","CATCGGCACCACCGCACTCATGG"
"991","Slc39a11","AGTGAACTTTCCATCCGGATAGG"
"992","Slc7a5","CAGAACCTACCATCCTCCGTAGG"
"993","Slc9a5","CTCGATGATGCGGACCCGCTTGG"
"994","Slk","TTTCCGTAAGATCTTCAAGTTGG"
"995","Slitrk2","TAAAGATGCTGAGCGGCGTTTGG"
"996","Sltm","TCTAATGTAGGCTATTGAAGAGG"
"997","Slc7a14","TGGGTGTTCATCATGATCGCAGG"
"998","Slc6a8","GGCCTGGGGCTTCTATTACCTGG"
"999","Slc6a9","CGAGTTTGTACTGACGAGCGTGG"
"1000","Slc6a20a","ACTCCTCATCGTAGCCTGTGTGG"
"1001","Smarcc2","GGCCTCGTAGTACTTCACGTTGG"
"1002","Smarcd3","ACTCACCTGCGGCTCCGCGCGGG"
"1003","Smarcd3","GACGGCATCCCGGGGCGCTGTGG"
"1004","Smarcd3","GTCCACCCGCTTCCGCATGATGG"
"1005","Snn","GCAGCGCATCAGCCAGTCAGAGG"
"1006","Snrnp70","TCACAATGATCCCAATGCTCAGG"
"1007","Smad7","CCAAACGATCTGCGCTCGTCCGG"
"1008","Snrnp27","GATGTGGATCTATGTCGTCTTGG"
"1009","Snrnp40","GACATTTCAGAACACGTACCAGG"
"1010","Sntg1","TATTGGAGATGCAATTCTACAGG"
"1011","Smurf1","AGCATCAAGATCCGTCTGACAGG"
"1012","Snap91","CGATCCGATCCGTGAGCGTTTGG"
"1013","Smg1","ACGACTGCCATGCTGAACACTGG"
"1014","Smg9","ATGCTGTGCTTCATGCGCTCTGG"
"1015","Smim12","CGGGGCTGTGGGCTACCACCTGG"
"1016","Snx17","TGTAGCGCACCCGACAGTGCAGG"
"1017","Snx12","CACCCGCATGCGAACCTCATAGG"
"1018","Snx12","GCGGCCCGTAAGCGTCGGTCAGG"
"1019","Snx13","CGCTCATTCAGTTTGCTACTAGG"
"1020","Snrpd2","CGATGACCGAGTCCCCGCGCAGG"
"1021","Smarce1","CAGCAAATGCCCAGCACACCAGG"
"1022","Smc4","CTCCGACACAAGACTTTAATAGG"
"1023","Snap23","TTACCTCAATGGCTAAACCCAGG"
"1024","Snap25","TCCATCCTGATTATTGCCCCAGG"
"1025","Sox21","GGGTCATAGCGCGGCAGCGTAGG"
"1026","Sox2","GGTGGGCGAGCCGTTCATGTAGG"
"1027","Soga3","TCCGCAAAGCCGAGCGCAAAAGG"
"1028","Sox9","CCGTCTTGATGTGCGTTCGCTGG"
"1029","Soat2","TCGACTTCATTGATGAGGGCAGG"
"1030","Sobp","TAGTTCGCAGTTATTCTTGAAGG"
"1031","Sp4","AATGGTGCGTTCAGAACTACTGG"
"1032","Sp6","CTCGCAGGTTACCCGCGAGGCGG"
"1033","Sort1","ACGGAATTTGGCATGGCTATTGG"
"1034","Sos1","GATGAAGAGCCTTCCACCTCAGG"
"1035","Spa17","ACCCACTACCGAATTCCACAAGG"
"1036","Spata18","CCTCTTACTCGTCTTGAACCTGG"
"1037","Spata24","CACGTCCCGCAGTTGATCGAAGG"
"1038","Speg","AGCCCGTGCGCCCAGACCAGCGG"
"1039","Spdef","CATCCGCCAGTATTACAAGAAGG"
"1040","Spock3","ACCGCCGTCCGACCGCCCCCCGG"
"1041","Spon1","TACTCACGAGGGTAATCCTTTGG"
"1042","Srfbp1","CGAAAACTTGTCAGGAGTGTTGG"
"1043","Spsb4","AAGGCCGTTGATGTAGCGCATGG"
"1044","Sptbn1","TGAGCATCCGTCCATCTCGAAGG"
"1045","Srpk3","TTACAGGCGCAAGCGCTTTGTGG"
"1046","Srpr","CCTCTCACCGAAGGAGCCGCAGG"
"1047","Srsf5","GCAGACCTCGAAATGATAGACGG"
"1048","Stbd1","TCTCAGCCATGGGCGCCGTCTGG"
"1049","Stam","GGAGCATGTGTATCAAACTGTGG"
"1050","Stard10","GCTCGGACCAAGTCTTTCCGAGG"
"1051","Stard13","CAAATCGCAAGTACATCTCCTGG"
"1052","Stard3nl","CAGGAACCACGTCTCAATCCAGG"
"1053","Ssbp3","CAAAGGCTCGGCGGTGCCCTCGG"
"1054","Srsf1","TCGTTGAGTTCGAGGACCCGCGG"
"1055","Stox1","GTTCCAGAAGCAGCGCGCGTTGG"
"1056","Stt3b","ACACATCATCTTGCATCTCATGG"
"1057","St7","AAGCCACTTGCGCCCCCTTCTGG"
"1058","Ssr3","TTGTCCATAAGTGCTTCATCAGG"
"1059","St8sia3","ATGTACATTCGGGGCGCCCCCGG"
"1060","Strip1","CATTGAACGTGCCCACCTCCAGG"
"1061","Strn4","GCATCTTGATCCGCCGCACCAGG"
"1062","Strn4","GCATCTTGATCCGCCGCACCAGG"
"1063","Ssfa2","CCAACGAGAAGATCGCGATATGG"
"1064","Stmn1","AGCTGCAGAAGAAAGACGCAAGG"
"1065","Stard3","CCGCAATCACCCACCAGTGCCGG"
"1066","Stard7","GCTCACCTCGGTACTGGTAAAGG"
"1067","Suz12","CGGCTTCGGGGGTTCGGCGGCGG"
"1068","Sufu","TTACCGCTATCGTCAAGTACTGG"
"1069","Sumo1","GGAGGCAAAACCTTCAACTGAGG"
"1070","Syt6","TATTGTGTGTGGCGTGGCCCTGG"
"1071","Syt7","CCACTGGTGTCAGCGCAAACTGG"
"1072","Tac1","TACCATAAAGAGCCTTTAACAGG"
"1073","Tac1","TTTGCCCATTAGTCCAACAAAGG"
"1074","Tagln3","CTCGGCTTAAGCCATAGCTCGGG"
"1075","Tagln","ACTACCGTGGAGATCCCAACTGG"
"1076","Taldo1","GCGCATCCTTGATTGGCATGTGG"
"1077","Szrd1","GCTGCTGACCACACCGTTGCTGG"
"1078","Szrd1","CTCTTGAGGATGCGGATCTGTGG"
"1079","Taf7l","GAGGCAGACGCAATATAAACTGG"
"1080","Syncrip","TTTACCTCAGTGCCAACAGAAGG"
"1081","Tagap","CTGAATATCCCTTCCGTTGAAGG"
"1082","Svs3b","GAAGGAGGAGCAGAGAAAGGTGG"
"1083","Taf10","GAGCAAGAGCAAGGTGTGAGGGG"
"1084","Tbx15","GCCATGAGAGTGAAAATCACTGG"
"1085","Tbx21","CACCACTGGCGGTACCAGAGCGG"
"1086","Tbx21","ATGCGCCAGGAAGTTTCATTTGG"
"1087","Taok1","AATTACACATGGTGCTCTCCAGG"
"1088","Tcf15","CAGTCGTTCGGCTGCTGCGAGGG"
"1089","Tax1bp1","CTCCACGAATTTCACCCTTATGG"
"1090","Tcf7l2","AAACAGCTCCTCCGATTCCGAGG"
"1091","Terf2","TGTCTGTCGCGCATTGAAGAAGG"
"1092","Tet3","GCCGTTGAAGTACATGCTCCAGG"
"1093","Tdrkh","GACGATTCGTTCTATCTGTAAGG"
"1094","Tgfbrap1","TCTGCGTACTCATGAAGAGGAGG"
"1095","Tekt2","TCACCACATCAATGTCTCGCCGG"
"1096","Tec","TTGCACCTAGTCCACAAAGCAGG"
"1097","Tesc","GGTGTCGATGGGCCGGAAGTAGG"
"1098","Tesk1","ACTGTCGGTGCCGAACCTGGGGG"
"1099","Tfap4","GCGCCTCCGCTCGTTGCTGTTGG"
"1100","Tfb2m","TAAAAATATACCTCCAAATGTGG"
"1101","Tbc1d9","CTCGGTGATCCACAGCGCGTTGG"
"1102","Tex261","TTCACCAACCTCGTCTACTTTGG"
"1103","Thap1","GTAGCGGTTCTTGCAGCCGTAGG"
"1104","Thap2","AATGCCGACCAATTGCGCCGCGG"
"1105","Tln1","ACTACTACATGCTCCGAAATGGG"
"1106","Tiprl","GTATCTATATGATCTGTTGTAGG"
"1107","Tfap2d","TAAAGTCGGTGGGCTCCCCGTGG"
"1108","Tlx2","CGAAGAGCGACGAGTTGTGCAGG"
"1109","Tmcc1","GACAAGCTTGCATAGTAGGCGGG"
"1110","Tm2d1","TGTACAAACTACACAGCTCATGG"
"1111","Tmed2","GGACATCGACGTGGAGGTGCGGG"
"1112","Tle1","ACCTGTGATACTGCGCCTGCAGG"
"1113","Tle3","CTCCCTGCCATGTATCCGCAGGG"
"1114","Tmem183a","GTCGCACCTTCGGTACAACCTGG"
"1115","Tmem184b","CGTAGATGGGCACGATGAAGAGG"
"1116","Tmem204","CATGATGCGTGCCTGCAACCTGG"
"1117","Tmem135","AGGGCTGCTCACAATTTATATGG"
"1118","Tmem143","TGAAGCGCTCGCGGTACTGCTGG"
"1119","Tmsb4x","CATGTCTGACAAACCCGATATGG"
"1120","Tmem161b","CATCGAGCAAGAGAATAGTGAGG"
"1121","Tmem164","CAGACCCATTCTACGGCCCCTGG"
"1122","Tmem167b","ACGAGGTACTTTCTTGAAGTAGG"
"1123","Tmem248","CATACAGCAACGCCACGCTCTGG"
"1124","Tnfsf12Tnfsf13","CCGCCCCCATGGCCGCCCGTCGG"
"1125","Tmem259","CCCAAAGCACTGGTCCCGCGTGG"
"1126","Tmem243","TAGATCTACTGGTATCGACAAGG"
"1127","Tmem243","CGAATCATCAATTTAGTTGTTGG"
"1128","Tmem60","TCTGGCTTTGACCCTCGACATGG"
"1129","Tprkb","CGATCCATTTCAGATACTTGTGG"
"1130","Tnrc6b","GCGCCGCCCGCTACATGCCTCGG"
"1131","Tnrc6b","GTCACGGAACAAAAAACCAAAGG"
"1132","Tnr","GACGATCACAGAGACCACCGTGG"
"1133","Tpm3","TAACAGCCGTTGCCGAGAGATGG"
"1134","Tnnc2","GGCCAGGTCCTACCTCAGCGAGG"
"1135","Topors","GTCTCCGCTGTCTCGCGAGGAGG"
"1136","Trib2","GAAACGCAATGCGACAAGTTCGG"
"1137","Traf3ip3","AACTCACTTGGTTTGCTGACTGG"
"1138","Top2a","TGGGTTTACGATGAAGATGTTGG"
"1139","Trim72","ATGTTCCGGGCTCTGATGCCAGG"
"1140","Trank1","TTCCAGGGATACTACCGAGCTGG"
"1141","Trim44","AGAGGTATCAAGTTGTTCCTTGG"
"1142","Trim37","TCTGCCATCAGTGTGCACTTTGG"
"1143","Tnrc6a","ACCTCCACGATTTCGCCACCAGG"
"1144","Tshz2","TCTCTTACCTGCCGCCCGCTTGG"
"1145","Trp53i11","AAGACCCCCATCCGCCTCTACGG"
"1146","Trub1","TTCGCCGTGCACAAGCCCAAAGG"
"1147","Tra2b","AAGGCTAAAGAACGTGCCAATGG"
"1148","Trpm7","GGCAATAGAAGAATGGTCTGTGG"
"1149","Tsc22d1","ACTCCTAGATCCATCGCCACTGG"
"1150","Ttll7","GCTAATGGTGCAATGGGTCATGG"
"1151","Ttc17","CTTGTCTCATTAATATGACTAGG"
"1152","Tubg2","GAACTCGAACCCAACTGGGGGGG"
"1153","Txndc5","TTATCAAGTTCTTCGCTCCGTGG"
"1154","Ttc4","GGCAGCAGCACAGTACTATCTGG"
"1155","Ttc5","TCCAGTACACCTCACCCAGCTGG"
"1156","Tusc2","CCCGCGGCGCGTGAATACGAAGG"
"1157","Tusc2","CGGCGCGTGAATACGAAGGGGGG"
"1158","Tuft1","GCTTGCTACTTATATCCTCCCGG"
"1159","Tubgcp4","GCAGAGTCGATTCAGGACACTGG"
"1160","Twist1","CGGGAGCCCGCAGTCGTACGAGG"
"1161","Ttn","GCTAAAGGAGATCTGCACGCCGG"
"1162","Ube2m","TTTCAGGCAGCGCTCGAAGTAGG"
"1163","Ube2m","GTTGCCCTCGAGGTCAATGTTGG"
"1164","Ube2n","CGGTTACCTTGATGATCCTGCGG"
"1165","Ubald1","GGACACTTACCATCTGGTGGTGG"
"1166","Ubap2l","CTGGCACCTCTCCCCCGTCTTGG"
"1167","Ubap2l","GCCGACTATAGTCTCTGTCCCGG"
"1168","Ubb","ATTAATAGCCACCCCTCAGATGG"
"1169","Ube2d2a","CCAGCACTAACTATTTCAAAAGG"
"1170","Ube2d3","ACTTACAGGTCCCATAATTGTGG"
"1171","Ube2d3","ACTTGCCTTAGGTGGTTTGAAGG"
"1172","Tuba1a","GAGTGCATCTCCATCCATGTTGG"
"1173","Ubqln4","TGCCCTCCGCCGCATGTACACGG"
"1174","Ubl5","CCTTCAGATGAAATCCACGATGG"
"1175","Ubtd1","GGACACCCCCGCAAGCGAGCAGG"
"1176","Trim2","CAGCCGGCCCCCCATGTCAGTGG"
"1177","Ube2e3","TTAAATAGTGCTGGGCCTAAAGG"
"1178","Ube2l3","TACCTTCATCAGCCTCCTGCTGG"
"1179","Ube2v1","CGCAAGATGGCAGCCACCACGGG"
"1180","Ube2v2","GAGAAGATGGCGGTCTCCACAGG"
"1181","Ube2z","CGGGTCAAACTGATGACAACGGG"
"1182","Ube3a","AGCACAAAACTCATTCGTGCAGG"
"1183","Ulk1","AATGGCTAATTCTGTCTACCTGG"
"1184","Unc119","GTCCAGGTCCCGCCGGTTGATGG"
"1185","Ublcp1","GCAGAAAATGATGTTAAGCTTGG"
"1186","Ublcp1","AAATACTAAAATCATGATGATGG"
"1187","Uqcc2","CCAGTGGACGAGACCAAACGGGG"
"1188","Uncx","CGCCCAGCGAGCCCCCGAACTGG"
"1189","Usp6nl","CAAGTTTGAGTGCTACATCCTGG"
"1190","Usp8","GAACTGAGGTAGAGTTCTTTAGG"
"1191","Usf1","TACGTCTTCCGAACTGAGAATGG"
"1192","Usf2","GGTGACATACCGCGTAGTCCAGG"
"1193","Utrn","AAATCGAGCGTTTATCCATTTGG"
"1194","Vezf1","GGACAGCAGCCGAACTTCGTTGG"
"1195","Vgll3","ATGTATCACCCCCAGCCGTATGG"
"1196","Vamp7","TTCATTACATCTGCCAAGACAGG"
"1197","Usp14","GAATACTGATGAACCTCCAATGG"
"1198","Usp49","TGCCTATGATCTCTCCGCAGTGG"
"1199","Usp49","ATGCATCACGGGAAAGGGTTTGG"
"1200","Usp53","CACTTCCCTCAGATAACATAAGG"
"1201","Vat1","GTGATGGTGTTGAACCGGTCAGG"
"1202","Utp15","TAAGACCCCTGTTCAGATTAAGG"
"1203","Utp15","GCTCCCCTCAGGCAGTTTGAAGG"
"1204","Vps37d","TCCTGCTGAGCCGCACGATCCGG"
"1205","Wdr1","AGACAGTAAGAGGATCGCCGTGG"
"1206","Wdr1","TATGAGTACCAGCCTTTCGCTGG"
"1207","Vps54","TAGTTACAGATCAACATAGATGG"
"1208","Vrtn","CCAAGAGCACCTTCTACCGCTGG"
"1209","Wbp4","TCTGTGATTACTGCAAGTGCTGG"
"1210","Wbscr22","CTCACTTGCGAACGTATTTCCGG"
"1211","Wac","CATTGATGGTAATGTATGCGAGG"
"1212","Wdr82","CCGGAGATCCCAGAGTCGAATGG"
"1213","Wdr62","GATGGGAAGTACATAGTGACAGG"
"1214","Whrn","GCGCCGCAACGTCTTCGACCTGG"
"1215","Wipi2","CGGACTTACTACCAACAGCTAGG"
"1216","Wnt7a","CCAGGCAGCGCCGCGCTTTCCGG"
"1217","Wnk4","ACCTCTCGTTCTTATCCGTGCGG"
"1218","Wnt10a","TCCACCGCGCCACGCTCATCCGG"
"1219","Wnt16","TGCCGCTGCCACGGAGTTTCCGG"
"1220","Wnt9a","GGACTTCCACAACAACCTCGTGG"
"1221","Wasl","TGACCACACATTTCTTGCCGAGG"
"1222","Wrb","ACGAGTTTGCCAGATACGCCAGG"
"1223","Xkr6","GCAACACCTCCTCGTGCTACTGG"
"1224","Xpot","TAAAGATTTCCCCAGATGCCTGG"
"1225","Xpr1","ACTGAGGTAGAACTCGCTGAAGG"
"1226","Ythdf3","TGAGCATGGTAATAAGCGTTTGG"
"1227","Ybx2","TGATGAATCCGTAACCATTCCGG"
"1228","Wdpcp","TGCCAGCACGAGATTATCCTTGG"
"1229","Vsx2","AGGGATGCACAAAAAGTCGCTGG"
"1230","Vti1a","TCGCCTACAGTGACGAAGTACGG"
"1231","Vstm2l","CTCGTAGGTGCCTTCGTCCGTGG"
"1232","Zan","CCTCCATTGGGGTACCCCCCGGG"
"1233","Zbtb26","AATATTCGAGGTGTAGACAAAGG"
"1234","Zbtb2","ACTTTAGTTACCTGGTCTGATGG"
"1235","Zbtb3","CCTCTACCGCCACATCCGCAAGG"
"1236","Zbtb6","ACCACTTGAACATACACAGTGGG"
"1237","Yipf1","CGCAGCAATCCAGATCTCTATGG"
"1238","Yipf2","GATGGTGCCGCACAAAGTTGTGG"
"1239","Yipf3","GTCCATGATCCCTATCAAGATGG"
"1240","Ypel3","TTCAAAGCCCAAGACGTTTCAGG"
"1241","Ypel4","TCCTGAGACAGGGTCAACGTGGG"
"1242","Zc3hav1l","ACAGCTCCACGTGGCCGCGCAGG"
"1243","Zcchc17","CCAACATCTACTATCTCAGAGGG"
"1244","Zcchc24","CATCGACACGAGCGCCGCCTCGG"
"1245","Zdhhc18","GACCACGCAGGCGAAGATGAAGG"
"1246","Zc3h15","ATTTAGATACTATGGATAATTGG"
"1247","Zfp318","GACGGCCGCGGAGACCATCCAGG"
"1248","Zdhhc3","AGTGGAATCCCACCATGATGAGG"
"1249","Zfp286","GGCCATGGACTTTACGCCAGAGG"
"1250","Zfp385b","ATTAGCCTTTGCGCTGTCCTTGG"
"1251","Zfp326","AACGTACTTTCAGGATAAGCAGG"
"1252","Ywhaq","TGCAACTAATCCAGAGAGTAAGG"
"1253","Yy1","CCCTATGTGTGCCCCTTCGATGG"
"1254","Zfp513","AGCCGGTCACGATGCCCCGAAGG"
"1255","Zc2hc1b","TTAAACCTCCTCATACAATATGG"
"1256","Zfp697","CGCGAAAAGCCCTTCCGCTGCGG"
"1257","Zfp703","CAAATGAGCGATTCGCCCGCTGG"
"1258","Zfp449","TATGTAAAAAGCGATTCACTCGG"
"1259","Zfp653","CTCCACATGGTGGACGTCAAAGG"
"1260","Zgpat","TGCCATACCTCTGGCATAGCTGG"
"1261","Zfp827","GATTGTCCTTGCGAGCACACCGG"
"1262","Zfr","GTAGTTGCCGGTCGCCATTTTGG"
"1263","Zfr","GAATAGGCTACACCCGAAGCTGG"
"1264","Zic5","GGCTGGGGGCCCCACTGGCCTGG"
"1265","Zic3","GCTGGGCACCCGTCGCCCACAGG"
"1266","a","GGATGTCACCCGCCTACTCCTGG"
"1267","Zmym4","ATTCCCCAGTTCCGAACCAATGG"
"1268","Zmynd11","ACGTTTAACAAAAAGACGACAGG"
"1269","Zscan20","TGTTCTTACCAATACGGCTCTGG"
"1270","Zpbp","GACCCATCATTCCAATGGCATGG"
"1271","mmu-mir-149","ACTCCCGTGTTTGTCCGAGGAGG"
"1272","mmu-mir-149","GTTTGTCCGAGGAGGGAGGGAGG"
"1273","mmu-mir-149","TCCGAGGAGGGAGGGAGGGACGG"
"1274","mmu-mir-128-1","TTACATTTCTCACAGTGAACCGG"
"1275","mmu-mir-26b","GGACCCAGTTCAAGTAATTCAGG"
"1276","mmu-mir-26b","CAGTTCAAGTAATTCAGGATAGG"
"1277","mmu-mir-3535","ATCAGAACTTGACTATCTAGAGG"
"1278","mmu-mir-3535","GATTTCATCAATTATTTCTCAGG"
"1279","mmu-mir-205","TCACTCCACTGAAATCTGGTTGG"
"1280","mmu-mir-29b-2","TTCTGGAAGCTGGTTTCACATGG"
"1281","mmu-mir-29b-2","TGGAAGCTGGTTTCACATGGTGG"
"1282","mmu-mir-29b-2","GATCCTCTTCTTCTGGAAGCTGG"
"1283","mmu-mir-29c","ACAGGCTGACCGATTTCTCCTGG"
"1284","mmu-mir-29c","TGTCTAGCACCATTTGAAATCGG"
"1285","mmu-mir-30c-2","AAAGTAAGAAAGCTGGGAGAAGG"
"1286","mmu-mir-30c-2","GCTGTTTACTCTCTCTGCCTTGG"
"1287","mmu-mir-26b","CCAGCCTGTTCTCCATTACTTGG"
"1288","mmu-mir-375","GCTCAGGTCCGGTTTGTGCGAGG"
"1289","mmu-mir-375","TCAGGTCCGGTTTGTGCGAGGGG"
"1290","mmu-mir-375","TTTGTGCGAGGGGCTCGTCGCGG"
"1291","mmu-mir-375","TGTGCGAGGGGCTCGTCGCGGGG"
"1292","mmu-mir-29c","TGAAATCGGTTATGATGTAGGGG"
"1293","mmu-mir-199a-2","TTGTACAGTAGTCTGCACATTGG"
"1294","mmu-mir-199a-2","CACATTGGTTAGACTGGGCAAGG"
"1295","mmu-mir-214","CATCCGCTCACCTGTACAGCAGG"
"1296","mmu-mir-214","CCTGTACAGCAGGCACAGACAGG"
"1297","mmu-mir-128-1","TTCCTGAGCTGTTGGATTCGGGG"
"1298","mmu-mir-135b","TCATGTAGGGCTAAAAGCCATGG"
"1299","mmu-mir-135b","AAAAGCCATGGGCTACAGTGAGG"
"1300","mmu-mir-133b","GCCCTGCTGTAGCTGGTTGAAGG"
"1301","mmu-mir-30a","CGACTGTAAACATCCTCGACTGG"
"1302","mmu-mir-135a-2","AATAAAGTCTCATGTAGGGATGG"
"1303","mmu-mir-1251","TTGCTCAGCCAGTGTAGACATGG"
"1304","mmu-mir-181a-1","CAGTGAACATTCAACGCTGTCGG"
"1305","mmu-mir-181a-1","TTCAACGCTGTCGGTGAGTTTGG"
"1306","mmu-mir-181b-1","CAATCAACATTCATTGCTGTCGG"
"1307","mmu-mir-181b-1","CTGAACAATGAATGCAACTGTGG"
"1308","mmu-mir-218-2","CATGGTTAGATCAAGCACAAAGG"
"1309","mmu-mir-423","TTTTCCAAAAGCTCGGTCTGAGG"
"1310","mmu-mir-423","ATAAAGGAAGTTAGGCTGAGGGG"
"1311","mmu-mir-144","ATATGATGATATCCCAGCCAGGG"
"1312","mmu-mir-497b","TACAAACCACAGTGTGCTGCTGG"
"1313","mmu-mir-497","TACAAACCACAGTGTGCTGCTGG"
"1314","mmu-let-7i","GGTTGTGACATTGCCCGCTGTGG"
"1315","mmu-mir-103-1","CAGCACTGTAAAGAAGCCGAGGG"
"1316","mmu-mir-103-1","TGCTTGATCCATATGCAACAAGG"
"1317","mmu-mir-146a","GTGAAATTCAGTTCTTCAGCTGG"
"1318","mmu-mir-340","TGGCTATAAAGTAACTGAGACGG"
"1319","mmu-mir-212","TGACTGGAGACTGTTACTGAGGG"
"1320","mmu-mir-132","CGGTTGCCCTGGAGACGCGGGGG"
"1321","mmu-mir-22","AGAACTACTGCGGCTCAGCCAGG"
"1322","mmu-mir-22","TTGCCACTGAAGAACTACTGCGG"
"1323","mmu-mir-744","CAACCTTACTCGGTCCTGACCGG"
"1324","mmu-mir-744","CCACTAACCTCAACCTTACTCGG"
"1325","mmu-mir-3059","CCTATGGGGCAGAGAGGAAAGGG"
"1326","mmu-mir-142b","GTGTAGTGTTTCCTACTTTATGG"
"1327","mmu-mir-142","GTGTAGTGTTTCCTACTTTATGG"
"1328","mmu-mir-142","GAAAGCACTACTAACAGCACTGG"
"1329","mmu-mir-6934","TCCTGGTGGGGCAGGAGCAGGGG"
"1330","mmu-mir-338","ACTCAGCACCAGGATATTGTTGG"
"1331","mmu-mir-431","CACACTGACGGTAACGTTGCAGG"
"1332","mmu-mir-431","AACGTTGCAGGTCGTCTTGCAGG"
"1333","mmu-mir-433","AGAAGAAGACCCAATGCCCGGGG"
"1334","mmu-mir-433","CCAATGCCCGGGGAGAAGTACGG"
"1335","mmu-mir-433","GAGCCTGTCATTATTCAGAGAGG"
"1336","mmu-mir-433","CTAGATCCTCTGTGTTGAGAAGG"
"1337","mmu-mir-127","CTCTGATTCAGAAAGATCATCGG"
"1338","mmu-mir-127","TCATCGGATCCGTCTGAGCTTGG"
"1339","mmu-mir-127","CGGATCCGTCTGAGCTTGGCTGG"
"1340","mmu-mir-127","TCCGTCTGAGCTTGGCTGGTCGG"
"1341","mmu-mir-1197","TTTGAAGATGCGGTTGACCATGG"
"1342","mmu-mir-1197","CTCAATATCACATCTCGCCTCGG"
"1343","mmu-mir-323","GCTGCTTGGTACTTGGAGAGAGG"
"1344","mmu-mir-323","GCTTGGTACTTGGAGAGAGGTGG"
"1345","mmu-mir-10a","TACACAAATTCGGATCTACAGGG"
"1346","mmu-mir-10a","TACACAAATTCGGATCTACAGGG"
"1347","mmu-mir-342","CTATCTGTGATTGAGGGACATGG"
"1348","mmu-mir-539","ACTTGAGGAGAAATTATCCTTGG"
"1349","mmu-mir-382","ACTTGAAGAGAAGTTGTTCGTGG"
"1350","mmu-mir-382","TGAAGAGAAGTTGTTCGTGGTGG"
"1351","mmu-mir-494","TATTTATGATGAAACATACACGG"
"1352","mmu-mir-411","TATCTGTGACGTATGTAACACGG"
"1353","mmu-mir-411","CAGTATCAAATCCATCCCCGAGG"
"1354","mmu-mir-299a","TGGGACGGTAAACCGCTTCTTGG"
"1355","mmu-mir-379","CCTGAAGAGATGGTAGACTATGG"
"1356","mmu-mir-379","GATGGTAGACTATGGAACGTAGG"
"1357","mmu-mir-411","CGGCGTCTCTGTGTGGTACTTGG"
"1358","mmu-mir-381","ATTGTTTGGTACTTAAAGCGAGG"
"1359","mmu-mir-381","GAGGTTGCCCTTTGTATATTCGG"
"1360","mmu-mir-381","GTATATTCGGTTTATTGACATGG"
"1361","mmu-mir-381","TTATTGACATGGAATATACAAGG"
"1362","mmu-mir-3071","GGTGTTGGATGAGCCCTCGGAGG"
"1363","mmu-mir-3071","GACTCCATTTGTTTTGATGATGG"
"1364","mmu-mir-3071","CGTCTCAAATGAGTCTTCAGAGG"
"1365","mmu-mir-136","GACTCCATTTGTTTTGATGATGG"
"1366","mmu-mir-136","CGTCTCAAATGAGTCTTCAGAGG"
"1367","mmu-mir-203","ATGTTTAGGACCACTAGACCCGG"
"1368","mmu-mir-3072","GAGGGAGGGCAGGCTGCCCCTGG"
"1369","mmu-mir-1247","CGCTCCAGTCTCGACGTTCCCGG"
"1370","mmu-mir-1247","CTCCAGTCTCGACGTTCCCGGGG"
"1371","mmu-mir-1247","GAGCAACGTCCGGGGACGAACGG"
"1372","mmu-mir-134","GTGTGTGACTGGTTGACCAGAGG"
"1373","mmu-mir-134","GTGTGACTGGTTGACCAGAGGGG"
"1374","mmu-mir-3065","ACTCAGCACCAGGATATTGTTGG"
"1375","mmu-mir-3074-1","AGAACTGATATCAGCTCAGTAGG"
"1376","mmu-mir-24-1","TCAGCTCAGTAGGCACCGGAGGG"
"1377","mmu-mir-24-1","AGAACTGATATCAGCTCAGTAGG"
"1378","mmu-mir-1892","TCAAGAGTAGAAATATATCCAGG"
"1379","mmu-mir-193a","GCCTACAAAGTCCCAGTCCTCGG"
"1380","mmu-mir-365-2","CAAGGACAGCAAGAAAAATGAGG"
"1381","mmu-mir-365-2","AAGAAAAATGAGGGACTTTCAGG"
"1382","mmu-mir-124-1","CTCTCTCTCCGTGTTCACAGCGG"
"1383","mmu-mir-124-1","TTTAAATGTCCATACAATTAAGG"
"1384","mmu-mir-124-1","CACGCGGTGAATGCCAAGAATGG"
"1385","mmu-mir-124-1","CGCGGTGAATGCCAAGAATGGGG"
"1386","mmu-mir-23b","AAGTCACAAATCAGCATGCCAGG"
"1387","mmu-mir-27b","CTTAGCCACTGTGAACAAAGCGG"
"1388","mmu-mir-3074-1","TCAGCTCAGTAGGCACCGGAGGG"
"1389","mmu-mir-409","TACCCGAGCAACTTTGCATCTGG"
"1390","mmu-mir-412","TGTTTCTAATGTACTTCACCTGG"
"1391","mmu-mir-410","AATGACGAATATAACACAGATGG"
"1392","mmu-mir-153","ACTTTTGTGACTATGCAACTGGG"
"1393","mmu-mir-874","GGCCCAGCCAGTCGGTCCCTCGG"
"1394","mmu-mir-874","TCGGTCCCTCGGGCCAGGGCAGG"
"1395","mmu-mir-151","ACTAGACTGTGAGCTCCTCGAGG"
"1396","mmu-let-7a-1","TCACTGTGGGATGAGGTAGTAGG"
"1397","mmu-mir-17","TGTCAAAGTGCTTACAGTGCAGG"
"1398","mmu-mir-18a","ACTGCCCTAAGTGCTCCTTCTGG"
"1399","mmu-mir-19a","GCAAATCTATGCAAAACTGATGG"
"1400","mmu-mir-19a","AATCTATGCAAAACTGATGGTGG"
"1401","mmu-mir-20a","CACTAAAGTGCTTATAGTGCAGG"
"1402","mmu-mir-208b","CCTTTTGTTCGTCTTATATTCGG"
"1403","mmu-mir-208b","GAGCAAAAAGCTTCCCTGAGAGG"
"1404","mmu-let-7b","GGGTGAGGTAGTAGGTTGTGTGG"
"1405","mmu-let-7b","GTAGTAGGTTGTGTGGTTTCAGG"
"1406","mmu-let-7b","ACAACCTACTGCCTTCCCTGAGG"
"1407","mmu-mir-1249","AGGAGTTCGCCAGGTGAAGAAGG"
"1408","mmu-mir-1249","GAGTTCGCCAGGTGAAGAAGGGG"
"1409","mmu-mir-1249","CCAGGTGAAGAAGGGGGGGAAGG"
"1410","mmu-mir-3064","CTAACTTTTTATTTTTGGTCTGG"
"1411","mmu-mir-9-2","CTTGAAGGAGTTTTTACTTTCGG"
"1412","mmu-mir-582","CAATTAGTTAGATTAGTAACTGG"
"1413","mmu-mir-148b","TCTGTTATACACTCAGGCTGTGG"
"1414","mmu-mir-346","CCTCTCTGTTGCTCTGAAGGAGG"
"1415","mmu-mir-346","GGGCTGGGCCTGCAGCTGCCTGG"
"1416","mmu-mir-1306","CTGGACGTTTGCAGGGGAGGTGG"
"1417","mmu-mir-1306","GACGTTTGCAGGGGAGGTGGTGG"
"1418","mmu-let-7c-1","TACAACCTACTACCTCAACCCGG"
"1419","mmu-let-7c-1","GGTTGTACAGTTAACTCCCAGGG"
"1420","mmu-mir-365-1","GGGAAAATGAGGGACTTTTGGGG"
"1421","mmu-mir-365-1","CAGGGAAAATGAGGGACTTTTGG"
"1422","mmu-mir-484","CGCGGCCCTGCAGCCTCGTCAGG"
"1423","mmu-mir-130b","ATCATTGCACTGCTTCCCAGTGG"
"1424","mmu-let-7d","GGTTCCTAGGAAGAGGTAGTAGG"
"1425","mmu-let-7f-1","ACAATCTATTGCCTTCCCTGAGG"
"1426","mmu-let-7f-1","GGTAGTAGATTGTATAGTTGTGG"
"1427","mmu-mir-1983","AAGAAAACATGCTCCAGGTGAGG"
"1428","mmu-mir-219a-1","TCCCCCTCGAGGTTTGGGGGCGG"
"1429","mmu-mir-219a-1","CCCTCGAGGTTTGGGGGCGGCGG"
"1430","mmu-mir-1893","CAGCAGATACCTCTCCGCTCTGG"
"1431","mmu-mir-1893","GCAGATACCTCTCCGCTCTGGGG"
"1432","mmu-mir-133a-1","AATCGCCTCTTCAATGGATTTGG"
"1433","mmu-mir-133a-1","AATCGCCTCTTCAATGGATTTGG"
"1434","mmu-mir-143","GAGATGAAGCACTGTAGCTCAGG"
"1435","mmu-mir-143","GAGGTGCAGTGCTGCATCTCTGG"
"1436","mmu-mir-1907","AGAGACAGCGAGGGGGAGTGGGG"
"1437","mmu-mir-30b","TGTTTACATGAACTGAAACTTGG"
"1438","mmu-mir-7219","GGATAGATCACATGATCTCATGG"
"1439","mmu-mir-99b","TCGTGTCTGTGGGTCCGTGTCGG"
"1440","mmu-let-7e","CTGCCGCGCCCCCCGGGCTGAGG"
"1441","mmu-let-7e","CGCGCCCCCCGGGCTGAGGTAGG"
"1442","mmu-let-7e","GCCCCCCGGGCTGAGGTAGGAGG"
"1443","mmu-let-7e","GGTAGGAGGTTGTATAGTTGAGG"
"1444","mmu-mir-125a","CTGAGACCCTTTAACCTGTGAGG"
"1445","mmu-mir-5125","GAACAGCATGTCCAAAGGCATGG"
"1446","mmu-mir-187","CTCGTGTCTTGTGTTGCAGCCGG"
"1447","mmu-mir-1949","CCAATAGCTGGTTGGCATTCTGG"
"1448","mmu-mir-1b","TGTAAAGAAGTATGTATTTTTGG"
"1449","mmu-mir-1a-2","TGTAAAGAAGTATGTATTTTTGG"
"1450","mmu-mir-194-2","CCAGTGGGGCTGCTGTTATCTGG"
"1451","mmu-mir-759","AATAAATTAAATGCCTAAACTGG"
"1452","mmu-mir-759","TCAGATCTAAATGTTTGCACTGG"
"1453","mmu-mir-8094","GCAGTACTACGTGAAACTGAAGG"
"1454","mmu-mir-8094","TGAAGGACAACGAGAAGAACCGG"
"1455","mmu-mir-19b-1","AATCCATGCAAAACTGACTGTGG"
"1456","mmu-mir-92a-1","AAACCCCTTTCTACACAGGTTGG"
"1457","mmu-mir-92a-1","GTATGGTATTGCACTTGTCCCGG"
"1458","mmu-mir-92a-1","TTGTCCCGGCCTGTTGAGTTTGG"
"1459","mmu-mir-192","CTGCCAATTCCATAGGTCACAGG"
"1460","mmu-mir-6990","CGATGCTCCCTGCCAGGAAGAGG"
"1461","mmu-mir-6990","GCTCCCTGCCAGGAAGAGGCAGG"
"1462","mmu-mir-6990","AGGAAGAGGCAGGGCTCCAGAGG"
"1463","mmu-mir-99b","CACCCGTAGAACCGACCTTGCGG"
"1464","mmu-mir-99b","CCCGTAGAACCGACCTTGCGGGG"
"1465","mmu-mir-99b","CGCACACAAGCTCGTGTCTGTGG"
"1466","mmu-mir-219a-2","GAATTGTGGCTGGACATCTGTGG"
"1467","mmu-mir-219a-2","GCAATTCTTGTACGAGTCTGCGG"
"1468","mmu-mir-219b","GGCCAACCGAGAATTGTGGCTGG"
"1469","mmu-mir-219b","CTGCGGCCAACCGAGAATTGTGG"
"1470","mmu-mir-877","TTCCTCATACACCTGGGAGGAGG"
"1471","mmu-mir-877","CACCTGGGAGGAGGGAGAAGAGG"
"1472","mmu-mir-99a","CACCACAAGATCGGATCTACGGG"
"1473","mmu-mir-196a-2","CTTAGGTAGTTTCATGTTGTTGG"
"1474","mmu-mir-196a-2","TTGGGATTGAGTTTTGAACTCGG"
"1475","mmu-mir-196a-2","ACTGCCTGAGTTACATCAGTCGG"
"1476","mmu-mir-615","GGATTCCAGCGACTCGGGAGGGG"
"1477","mmu-mir-615","TCTCGAGGGTGCTTATTGTTCGG"
"1478","mmu-mir-148b","TGAAGTTCTGTTATACACTCAGG"
"1479","mmu-mir-130a","GCACAATGTGAAAAGAGCTCTGG"
"1480","mmu-mir-129-2","CGCCCTCCGCGAATGCTTTTTGG"
"1481","mmu-mir-129-2","CCCTCCGCGAATGCTTTTTGGGG"
"1482","mmu-mir-129-2","CGCGAATGCTTTTTGGGGTAAGG"
"1483","mmu-mir-129-2","CTTTTTGGGGTAAGGGCTTCCGG"
"1484","mmu-mir-129b","CGCCCTCCGCGAATGCTTTTTGG"
"1485","mmu-mir-103-2","CAGGTCAAGCAGCATTGTACAGG"
"1486","mmu-mir-103-2","GGCTATGAAAGAACCAAGAATGG"
"1487","mmu-mir-103-2","AGTGCTGCCTTGTAGCATTCAGG"
"1488","mmu-mir-219a-1","GAGGTTTGGGGGCGGCGGCTCGG"
"1489","mmu-mir-10b","CCTGTAGAACCGAATTTGTGTGG"
"1490","mmu-mir-10b","ATAGTCACAGATTCGATTCTAGG"
"1491","mmu-mir-10b","AGTCACAGATTCGATTCTAGGGG"
"1492","mmu-mir-684-1","ACTTGAAGGGAAAACTATCTAGG"
"1493","mmu-mir-129b","CCCTCCGCGAATGCTTTTTGGGG"
"1494","mmu-mir-129b","CGCGAATGCTTTTTGGGGTAAGG"
"1495","mmu-mir-129b","CTTTTTGGGGTAAGGGCTTCCGG"
"1496","mmu-mir-670","CAGGTTCACCACATACACTCAGG"
"1497","mmu-mir-124-3","TCCGCTGTGAACACGCAGAGGGG"
"1498","mmu-mir-124-2","GATTTAATGTCATACAATTAAGG"
"1499","mmu-mir-9-1","ATCTAGCTGTATGAGTGGTGTGG"
"1500","mmu-mir-92b","GGGACGAGTGCAATATTGGCGGG"
"1501","mmu-mir-876","AGTAATTCATAGTGCTTCACAGG"
"1502","mmu-mir-466m","ATGTATGTGCCTGTGTGTGTAGG"
"1503","mmu-mir-137","CCTCTGACTCTCTTCGGTGACGG"
"1504","mmu-mir-137","TCTTCGGTGACGGGTATTCTTGG"
"1505","mmu-mir-137","CGGTGACGGGTATTCTTGGGTGG"
"1506","mmu-mir-137","GTATTCTTGGGTGGATAATACGG"
"1507","mmu-mir-760","GACCCAGAGCCGAATTTCTGAGG"
"1508","mmu-mir-760","TTTCTGAGGTATCCGGGCTCTGG"
"1509","mmu-mir-760","CTGAGGTATCCGGGCTCTGGTGG"
"1510","mmu-mir-761","GCATTTGGCAGGATGGCAAGAGG"
"1511","mmu-mir-30c-1","GAGCTCACAGCTGAGAGTGTAGG"
"1512","mmu-mir-30e","CACCTTACAGCTTCCAGTCAAGG"
"1513","mmu-mir-30f","CACCTTACAGCTTCCAGTCAAGG"
"1514","mmu-mir-31","CTGGAGAGGAGGCAAGATGCTGG"
"1515","mmu-mir-872","TATTGCAGTAGCCTCCTAACTGG"
"1516","mmu-mir-200b","GCTGCCCAGTAAGATGGCCACGG"
"1517","mmu-mir-671","ACTGGCAGGCCAGGAAGAGGAGG"
"1518","mmu-mir-671","CCAGGAAGAGGAGGAAGCCCTGG"
"1519","mmu-mir-32","TACTAAGTTGCATGTTGTCACGG"
"1520","mmu-mir-15b","TGTGCTGCTACAGTACTTTAAGG"
"1521","mmu-mir-218-1","TGACGTTCCATGGTGCTTGACGG"
"1522","mmu-mir-3960","GCGGCCCCGATCGGGGGCGCGGG"
"1523","mmu-mir-34a","TTCTTTGGCAGTGTCTTAGCTGG"
"1524","mmu-mir-200b","TCCAATGCTGCCCAGTAAGATGG"
"1525","mmu-mir-190b","ATATCAAACATATCACACAGAGG"
"1526","mmu-mir-148a","AACTTTGTCTCTAGAGGCTGTGG"
"1527","mmu-mir-106b","GGGTACTTGCTGCTCCAGCAGGG"
"1528","mmu-mir-466b-3","ACACATATACACATACACAGAGG"
"1529","mmu-mir-29a","GAAATCAGTCATCCTCTAAGGGG"
"1530","mmu-mir-29b-1","CCAAGAACACTGATTTCAAATGG"
"1531","mmu-mir-490","AAGTTCATTGTTCGACACCATGG"
"1532","mmu-mir-490","GTTCGACACCATGGATCTCCAGG"
"1533","mmu-mir-490","CGACACCATGGATCTCCAGGTGG"
"1534","mmu-mir-592","CGCATATTGACACAATGTCATGG"
"1535","mmu-mir-129-1","GTCTCCTTTGGATCTTTTTGCGG"
"1536","mmu-mir-129-1","CTTTGGATCTTTTTGCGGTCTGG"
"1537","mmu-mir-129-1","CTTACCCCAAAAAGTATCTACGG"
"1538","mmu-mir-182","GTTGGCAAGTCTAGAACCACCGG"
"1539","mmu-mir-96","GCCAAAATCGGCCAAGCAGATGG"
"1540","mmu-mir-183","ATCTGTCTCTGCTCTGTTTATGG"
"1541","mmu-mir-183","CTGCTCTGTTTATGGCCCTTCGG"
"1542","mmu-mir-29a","TCATTATAACCGATTTCAGATGG"
"1543","mmu-mir-29a","AAGAAATCAGTCATCCTCTAAGG"
"1544","mmu-mir-141","CTAACACTGTCTGGTAAAGATGG"
"1545","mmu-mir-200c","TGGGAGTCTCTAATACTGCCGGG"
"1546","mmu-mir-200c","CGTCTTACCCAGCAGTGTTTGGG"
"1547","mmu-mir-7045","AGTCACTGTGCGGGGGAGGGGGG"
"1548","mmu-mir-330","CCTAAGACACAGGCCCAGAGAGG"
"1549","mmu-mir-7045","CGAGTCACTGTGCGGGGGAGGGG"
"1550","mmu-mir-150","GGTACAAGGGTTGGGAGACAGGG"
"1551","mmu-mir-9-3","GGGAGGCCCGTTTCTCTCTTTGG"
"1552","mmu-mir-708","GCTAGATTGTAAGCTCCTTGAGG"
"1553","mmu-mir-25","CCTGGGCATTGCACTTGTCTCGG"
"1554","mmu-mir-25","CAATTGCTGGACGCTGCCCTGGG"
"1555","mmu-mir-25","GTGTTGAGAGGCGGAGACTTGGG"
"1556","mmu-mir-202","GAAGTATATGCATAGGAAAAAGG"
"1557","mmu-mir-210","AGCCGCTGTCACACGCACAGTGG"
"1558","mmu-mir-107","TGCTTGAACTCCATGCCACAAGG"
"1559","mmu-mir-383","GACACTTGCTCTTTCTGACCAGG"
"1560","mmu-mir-186","TTTCCAAAGAATTCTCCTTTTGG"
"1561","mmu-mir-27a","GCAGCTAAGCCCTGCTCCTCAGG"
"1562","mmu-mir-16-2","ATATTTACGTGCTGCTAGAGTGG"
"1563","mmu-mir-16-2","ATATTTACGTGCTGCTAGAGTGG"
"1564","mmu-mir-9-1","GCGGGGTTGGTTGTTATCTTTGG"
"1565","mmu-mir-181d","CCGGGGGATGAATGTCACTGTGG"
"1566","mmu-mir-383","TTTCTGACCAGGCAGTGCTGTGG"
"1567","mmu-mir-138-2","TGCAGCTGGTGTTGTGAATCAGG"
"1568","mmu-mir-138-2","CCCGGCTATTTCACGACACCAGG"
"1569","mmu-mir-125b-1","TTAGGGTCTCAGGGACTGAGAGG"
"1570","mmu-mir-8109","GCGAGCGCAGCGCCGCGTGCTGG"
"1571","mmu-mir-204","CTCAGGCATAGGATGACAAAGGG"
"1572","mmu-mir-204","CTTCATATATTCTCAGGCATAGG"
"1573","mmu-mir-190a","ATATCAAACATATCACACAGAGG"
"1574","mmu-mir-500","CTCTCTAATCCTTGCTATCTGGG"
"1575","mmu-mir-362","CTCTCGAATCCTTGGAACCTAGG"
"1576","mmu-mir-188","CTCCCACATGCAGGGTTTGCAGG"
"1577","mmu-mir-188","CTCCCACATGCAGGGTTTGCAGG"
"1578","mmu-mir-138-1","AACGGCTACTTCACAACACCAGG"
"1579","mmu-mir-221","AGAAATCTACATTGTATGCCAGG"
"1580","mmu-mir-505","GCAGAAACATCAATACTTCCTGG"
"1581","mmu-mir-20b","TACCTGCACTATGAGCACTTTGG"
"1582","mmu-mir-128-2","AGCCACTGTGCAGTGGGAAGGGG"
"1583","mmu-mir-128-2","GCAGCCACTGTGCAGTGGGAAGG"
"1584","mmu-mir-718","GGCCTCGTGCGACACCCGGCGGG"
"1585","mmu-mir-421","ATGAGGCCTACAATGTGCACCGG"
"1586","mmu-mir-1912","TCTAGGATGTGCTCATTGCATGG"
"1587","mmu-mir-1264","CTTCATGCCTGGCATATAGCAGG"
"1588","mmu-mir-448","CATACTAAGAGGGGGCTGGCTGG"
"1589","mmu-mir-448","GGCTGGCTGGTTGCATATGTAGG"
"1590","mmu-mir-325","TAGCACAGTGCTTGATTGATAGG"
"1591","mmu-mir-325","CACAGTGCTTGATTGATAGGAGG"
"1592","mmu-mir-190a","CACACAGAGGCCTGCAGAAAAGG"
"1593","mmu-mir-223","TTTGTCAAATACCCCAAGTGCGG"
"1594","mmu-mir-421","GCCCATGGAGATCACAGAGCAGG"
"1595","mmu-mir-7652","CAGGCATGTGCCACCATGTCTGG"
"1596","mmu-mir-3473a","TTTAAAAATATTTTCTGGGCTGG"
"1597","mmu-mir-224","TCTGGGGCTTTGTAGTCACTAGG"
"1598","mmu-mir-5098","TTTTGTTTTGTTTTTGAGACAGG"
"1599","mmu-mir-199b","TTGTACAGTAGTCTGCACATTGG"
"1600","mmu-mir-199b","AGTCTGCACATTGGTTAGGCTGG"
"1601","mmu-mir-2861","CCGCCCGCCGCCAGGCCCCCTGG"
