"","without_pam_name","without_pam_seq"
"1","1700006E09Rik","TTTAAAATTGAGCAAAATCCTAA"
"2","2010107E04Rik","TTCAAAGCTTTACTTCTTTTGTT"
"3","2310035C23Rik","AGTCAATGAGTTTTTGTTAAGTG"
"4","1700021K19Rik","CGTGAAGGGCTGAGTGCGGGGCT"
"5","3-Mar","AGTGCTCCAGGCAGCTCCGATGA"
"6","4430402I18Rik","AAATAGAGTTTTCTACAAGGACA"
"7","4930402H24Rik","ACTACAGTCTCGAACCATGTCCA"
"8","2810428I15Rik","GATGCGGAATCTGCCGAGTGATG"
"9","4930525M21Rik","CTGGTGAGGCTTCATACAGCACA"
"10","4930567H17Rik","CCTCATCTTCCTCCTCATCTTGC"
"11","4931428F04Rik","TGCGCAAATACATGCAGAAGGAG"
"12","2310009B15Rik","ATTTTTATGTTTGACAACAAAAA"
"13","4933406M09Rik","CTCACTCTTTGGCTGGTAAGTTA"
"14","2410127L17Rik","ACAGAACAGAAAGACAGTTTATG"
"15","5830418K08Rik","CAAAGGGGGATGGGACAGGCTGC"
"16","2610507B11Rik","GAAATCTGCTTCTACTGATCTGA"
"17","A230046K03Rik","TTTGGAACTCATAAAGACTGAAA"
"18","3110021N24Rik","CACTTTGTATCCAATAAAGTAGA"
"19","A2m","CCACGCTGGCACCCCTGAGACAC"
"20","Aamdc","TGAAGGAGTATAATGCCTTGGTT"
"21","4930430D24Rik","CTGGTGAGGCTTCATACAGCACA"
"22","Acaa1a","GCTGCTCAGGCTTTAGCCTCAGT"
"23","Abcb1a","ATTGTAAGCACACTGACTGCTAA"
"24","4930467E23Rik","ATTTGAACAGAAACCTGAAAGAC"
"25","Actn2","AAAGGCTGCCCAAACCTGACCGA"
"26","Adamts9","CTCGGAAGTCTCGCTTCTGCTTG"
"27","Adsl","TCCAGAACTTGAAGCGTGTCCGA"
"28","Adam11","GGATGACGAAACTCACCTGGGCC"
"29","Adam24","AATTATGACGTTAGGTTTTTATT"
"30","Akap2","CTTCCATGAGGGTCTGCATCAGA"
"31","Aff2","ACAAGGTAGCTGAATATGTATGT"
"32","Amigo2","TAACGACATTATGGTCGCCTCTG"
"33","Alox12b","CGACACACTCCCTATCCTTTCCT"
"34","Akirin2","TTCTTTCAACAAACGTTCACAGA"
"35","Aknad1","AGGGGAGGGCCACAGGAGGCTCT"
"36","Akp3","CACTGTATGTCTGGGGACAGCTG"
"37","Aldh1a2","AGTGTGTGGACAGATCATCCCAG"
"38","Aida","TGAATTTACAGAAGAACAAAAGA"
"39","Amd1","TGGTGAGAAGGCTTCATGAAATT"
"40","Alyref","CAATCTGTGATGTGACAAGCTGA"
"41","Ankfy1","GTTTCATCAATTCAGTCAGGAAC"
"42","Angel1","AATCCTCCCATTCTCGCCACAAA"
"43","Anapc4","AAATATTTTTGAGGTGCTGTTTT"
"44","Arel1","GTCAAATTCGCCATTATTGATTG"
"45","Apoo","CAGGAACTGAGTAGAGTGAAAGC"
"46","Ap4e1","CTGTATTCACAAGGAGAAGCAAT"
"47","Aqr","AAATTCCAGCAGCATTATTTCTT"
"48","Armc8","ATACTACTTACATGACACCTTGT"
"49","Arrdc3","CACTATTCATTCAGGAAGGCATG"
"50","Arl5b","CTAGTTCATCATTCTTGTTGTTG"
"51","Arl6ip1","TGGGAACAAGGTAGTCAGCCAAG"
"52","Arfgef1","GGACTGGCATGCCAACTCAAAAG"
"53","Arhgap26","AAACAGATGATGAGATGTGTATA"
"54","Api5","CTGTGAGGATGAAGATGTGTGGT"
"55","Api5","GGTTAAATTCTGCAGAGTCATCT"
"56","Asxl2","GAGTCATAAAGAAATTCTTCAAG"
"57","Arl8b","GTCAATTCAGTGAAGATATGATA"
"58","Asnsd1","TGGTCGTGATGACAGAGTTATTG"
"59","Atat1","GCTTCTTGTATCCAACTTTGATG"
"60","Atp6v1f","TCAATGAGATCGAAGACACTTTC"
"61","Atp6v1g3","CACCATGACCAGCCAGTCTCCAG"
"62","Asap1","GAACTTGTGCATAGTTTTCTTCA"
"63","Asap2","TCACAGATTTCTTCATTTTGTGA"
"64","Avp","CTGGCCGGACTGGCAGGGCGAAG"
"65","Atp11c","AAGTCCACTGGTAACTGGGCTAG"
"66","BC023829","GCTGGTTCACAAACTGGATGGCC"
"67","Atp5g3","GAGACTAGGACTGGAGAGGTGTT"
"68","Atf1","GGTGGTTGTACAGAGTAAGTATG"
"69","B4galnt2","CTGCATACAATTCTCATCCCTCT"
"70","B020031M17Rik","CTCACTTCTTCTTCTTCTTCCTC"
"71","Bdnf","TTCATACTTCGGTTGCATGACGA"
"72","Blzf1","GGCTAGACGTTCAAAGTGATACT"
"73","Bap1","TCTTACCGAAATCTTCCACCAGT"
"74","Bex4","TTTTTGTCTTTTTTGTCTTTTTG"
"75","Bpifb5","GTTTCAGCAGTTGGTTTGGCATG"
"76","Btg3","AAAAATGAAGAACGAAATTGCTG"
"77","Brinp2","GTAGTTGGGGGCACTGGGAATAG"
"78","Bnip2","ATGATTTGGATGAAGCTGGAAAC"
"79","Bai2","CCTGCCCGGGTCAGTAGCGCCCG"
"80","Atf7ip2","TAACATTTTCTTTGTTTTTTTTT"
"81","Brd8","CATGACAGAAGATGCTAAACACA"
"82","Btbd16","AAGCGGGGAAGCAGGTGAGCTTG"
"83","C1ql2","CGCTGTTGCTGGCGTAGTCGTAG"
"84","Btbd10","GTCAAGTGACAGATCACGAGATT"
"85","C87977","CTGGAGGGTGGGTGGAGAATGGA"
"86","C2cd4b","GCGCGTGTGCGGGCTCTCGAGCA"
"87","C2cd5","CTTCAATGATTCAAACAGGTTTG"
"88","Calm2","CTGACTGAAGAGCAGATTGCAGA"
"89","Brix1","CTTTGAAGCTAAGAAAAAACAGA"
"90","Cbfa2t3","CGTTCTCGTTGACTTCCAGCAGC"
"91","Calm5","TGTATACAGTCTCAATGTAGCCC"
"92","Camk1","TCTTACACAAGTATGTGGCAGGC"
"93","Cbx7","GGGTTTCGGACCTCTCTTCCTAT"
"94","Casc5","CAAATGTGGAAATCAAACAACAA"
"95","Camk4","ATGCTCTCAAAGTGTTAAAGAAA"
"96","Cask","TACAACACTGAAGGGACCCCTAT"
"97","Caprin2","AGCAGTCATCCTTGTACTTTACG"
"98","Capsl","GTCATGGCGCGCTGTCCCTGCCA"
"99","Cab39l","TGGTTACTAGGCTTCAGAAGTGT"
"100","Ccdc122","AACAACAACAGTCACAAACAACC"
"101","Ccr3","GAAAAAGATCTCGCTGTACAAGC"
"102","Ccdc79","ACATCAAACCACCAATTTCCCGA"
"103","Cacul1","GAGCTATATTAAATCTTTCAATA"
"104","Cadm2","CGCTGCGTTTCCAAATCATGGTC"
"105","Ccdc6","GAGACGGGAGAAGATTGACCTTG"
"106","Ccdc176","TTTAGCTGAAAGAAAATTTATTT"
"107","Ccnd1","GGAAGTGTTCGATGAAATCGTGC"
"108","Cct2","AGACAGCTCGCCTGGTAAGCCTT"
"109","Cd300ld","CAGAGATGCTTTGGGAGAGGCTG"
"110","Cdh9","AGGAGGGTTGTTGTTGACATCTG"
"111","Cds2","TGAACCGGTGGTATTTACTGAGA"
"112","Cd24a","GGCTCTCTCTCTCTCTCTTCCCT"
"113","Cdc42","TTTCTTTCACATTTTCAAATGAA"
"114","Cdx1","TAGTAGGGCATAGACTTCCTTAA"
"115","Cdk15","TTCATTTCACCCCAGGGGACGTC"
"116","Cdk17","GTCTATGTATACGATTTCTGAGA"
"117","Cep120","CTGGTCCAATCTGATGGTAGCCT"
"118","Chrna1","CAGAGCCGTCATAGGTCCAGGTG"
"119","Celf5","TGCACGAGCAGAAGACCCTGCCA"
"120","Celf6","TCGTCCGATCCAAGTGAAGCCAG"
"121","Churc1","GTATTCTCCCTGATGACCCCCGA"
"122","Ciz1","ACAGCAGTTGCAAGGTATGGATG"
"123","Chst10","TAAAGGTCAACGTGATGAACTTG"
"124","Ces2h","GCATATTCATTGCAGTGATGGAA"
"125","Cfh","TCACATAGTGGAATATCATTCAG"
"126","Cep290","AATTACCCAGTCTCTAATGAACT"
"127","Clic5","GCGCAAGTTCCTGGATGGGGATG"
"128","Clca4","TGGTCATATGATTCTTGTTTATG"
"129","Cnnm1","GTACCTTTCGGAGAAGATCCTGC"
"130","Chodl","AACATCGGGTGCCTGCCCAGGCC"
"131","Chtop","GTCCCCCACGTAGTCCTCCTCTG"
"132","Chchd10","GATTGTATTTGCACTGTTTGGAA"
"133","Clock","CTGCACAGTCAGATGCTAGTGAA"
"134","Clec2f","GACACATGAATTCTAGCCACATA"
"135","Clybl","AGATGCAGTCGTTTTTGGAGGAG"
"136","Cldn22","AGGATAAAACCCATCCCAGCAAA"
"137","Coa5","GATGCCAGATCAAGATTCAGTGT"
"138","Coq9","ACATTGAGCACTGGCCCCGGGTA"
"139","Cox11","GTATCTTATTGAAATACTGTTTT"
"140","Cntn1","TTTTTGAAGAGCAGCCAATCAAT"
"141","Cntnap5b","TCCAGCTCAGCTCAACTGAAGTC"
"142","Cnga1","AAGAGAAGAAAGAAGAGTAAAAG"
"143","Cnga1","CCCAGAGAAGAAAAAGAAGAAGA"
"144","Ckap2","TAGTCCAAAAGGACCCAACTGGT"
"145","Ckap4","GCGGCTTCTTCGCCACGTCATCC"
"146","Col17a1","TGATGTAGCCGCTGCTGCCACAG"
"147","Cnih4","ATGTTGCTCAAAATTAAACAAGT"
"148","Clgn","TCTTTGCTTTTGATAAGACCCAT"
"149","Cox6b1","TTGACAGCCGCTTCCCCAACCAG"
"150","Cmas","TCAGTTTCGATGGAGTGAAATTC"
"151","Crx","CATGATGGCATATATGAACCAAA"
"152","Crx","GTTTGCCAAGACCCAGTACCCAG"
"153","Coprs","CTACTTGCCTAGTCGATCCATAG"
"154","Cops3","TCAGCTAACAAATGCACTTGTCT"
"155","Cops4","TGCTTCCATAAGACAGCATCTTG"
"156","Clca1","AGGAAGAGTTTATTTCAGAACCA"
"157","Cog5","TTACAGCTTGATGAATAGATTGA"
"158","Cnot11","TGATGGACGTTGGAAACATGGGC"
"159","Cnot1","ATTCACAATCTGAAACACAAAAC"
"160","Ctf1","GAGGGAGGGAAGTCTGGGTATTT"
"161","Ctgf","GTACTACAGGAAGATGTACGGAG"
"162","Csnk2b","GAGCTTGTCGATAGTGAGGCACC"
"163","Ctdsp1","CTTCTGCTGTGTCTGCCGGGATG"
"164","Ctdspl2","CACTTGAACTGCTTGATTTGAGT"
"165","Ctf1","AATCTCATTCCTACCCCATTTAT"
"166","Cwf19l2","TTCAGCTTTGAGTGATGATGACG"
"167","Csgalnact2","TAATATCATTGTGCCACTTGCTG"
"168","Csnk1a1","CTGGTCAGCTAACATAAGTACAG"
"169","Ctcf","GACGATCCAAATTTGAACGCCGT"
"170","Cox7b","CACAAATTGGAATAGAATGGAAC"
"171","Cox7c","TCTTACTATAAAGAAAGGTGTAG"
"172","Cyp51","GAAAAGTCCAATTGAGTTTCCTT"
"173","D15Ertd621e","AATTTTACTGCTGCTGACTGTTT"
"174","Cyp4f40","TGGACACTTTGCAGAAATGCAGA"
"175","Dab1","GGACTTGAGAGATCTCTTTCAAC"
"176","D630023F18Rik","CACTGATGGCCAAGTCATAGTGT"
"177","Dapk2","GGCTCACGAAATAGAAGATGGAG"
"178","Dclre1c","CATCAACTAAAGATATCTGCTTG"
"179","Dcaf10","CAGATCCCATAGTGCTATTGTAG"
"180","Cyp39a1","TCTTTGCTATGGGAAACCGAATG"
"181","Dcdc2c","TTCAACTTTCTCATCTTTGAGGT"
"182","Dctn2","ACAGATTTCTCAGATCGCATCCC"
"183","Cyp2c66","AATACAGCATAAAGAGTCACTGT"
"184","Cyct","AAGAGGCCCCAGAGATTTGGACC"
"185","Dedd","CCAGCGAAAACGCCGGAAGTCAG"
"186","Cyp2j5","TTTAATCCTCATTTGAAGCTACA"
"187","Degs2","AGACCCACTCGAAGTCGCTGCGA"
"188","Ddx3x","AGAGGGAAGTCTAGCTTCTTCAG"
"189","Dennd6b","GGTAGCAGATGCTGCTTTTCTGA"
"190","Dhfr","AATGACCACAACCTCTTCAGTAG"
"191","Cul4b","TAAATTACCAGAAAACTATAAAA"
"192","Desi2","ATTTCAAATATTCCAGAAAAAAA"
"193","Ddx19a","AGGAAACCTCAGCTTCTCCACCT"
"194","Dnajc12","CACCTTCGTTTCCGCTGGTCCAA"
"195","Dtnbp1","TGCACTTCACAGAAGAGCCAAAG"
"196","Dmxl2","TGACATACAACTTAGCATGGGAT"
"197","Dnaaf1","TGCACAACATCCTGCCCAAGGAT"
"198","Dnal1","GTCTACAAACTGCATTGAAAAAA"
"199","Egr4","GCGCAACTTCAGCCGCAGCGACC"
"200","Dynll2","ACTTGAAGAGGAGGATTGCAACT"
"201","Derl1","GGGACTGGATTTCTGTATTTAGA"
"202","Derl2","GCATTATTGTAAAGGCCTGGCCC"
"203","Derl2","GAATTAATTTTTAAACATTTTTC"
"204","Efcab10","TCCTCTTGTTCCTAAGGAAACAA"
"205","Egfem1","TATTGACAGTGGGGTCCATGAAA"
"206","Eif1ax","ATGGCGAGCTTCCAGAGCATGGT"
"207","Dync2li1","CTTACCTGTCAAGACACCTTAGA"
"208","Dynll1","GATCAAAAATGCAGACATGTCAG"
"209","Ear10","AGCAGCAGCAGGAGGCAAATCTC"
"210","Edf1","GAAGGACCTGGCCACGGTGAGGC"
"211","Dnajb6","CTCTGCTTCTTCTTTATTTTCTG"
"212","E2f2","CATTTACCTCCTGAGCGAGTCAG"
"213","Dse","ATAAATTTGTCATGCGTAACGGC"
"214","Eif3e","CAGGATGTTATTTGACTACCTTT"
"215","Eif4e","AGTTTTGCTTTTATCATTTTTGA"
"216","Eif4g1","CACGCCTTCTCAGCCCCGCCAGC"
"217","Eif5a2","TGAGTGAAGAATACGCTGTAGTG"
"218","Eif1b","TGAATAACCTCTCCGTACTCCTG"
"219","Eif1","AAAGAGTGGAGGTTCTGGATAGC"
"220","En2","GGGCAAGTCGGACAGCGAGTAAG"
"221","Eif5","GGTGGGTTTTTGAGAATGAATGT"
"222","Dnajb11","GCTGACGAGGGGTTCCTCCAAAC"
"223","Dbpht2","TGATTTTCTCTGTATTTCTCTCC"
"224","Dbpht2","TCTCTTTGTGTCTGTTTCTCCTA"
"225","Dbpht2","CACACATACACACAGAGAGACAG"
"226","E130309F12Rik","GTCAGGATCATTTTCTCCTCTAC"
"227","Dytn","CTGCTGTAGATCTGTTAGTAGTT"
"228","Epha2","TTTACTCACCCCTTTGCCATTTC"
"229","Eif3m","TGAGCTCTCAGAAGAAAACTCTA"
"230","Epha8","CGCGGTAGTAGCTGAGGTCACAG"
"231","Dync1i1","CTCTTATCTGTGCTAAGCGCTGC"
"232","Ephx4","AACATAGTGAAATCTTAACCCTG"
"233","Etaa1","TACTTACCTGAGGAGCAATACGA"
"234","Eps15l1","AAGGTAAAGGGTTCTTGGACAAA"
"235","Epb4.1","ATGTGTTGGAGTGTCCCCATGCA"
"236","Fam219a","AGACTGTGACGCCCGGGAGGGTG"
"237","Fam229b","CATTGTTGCATAGACAGTGATAG"
"238","Fam221a","GGAGGCAACGTCAGCCGCTCCAT"
"239","F830016B08Rik","GGAGTTGGTGGCTAAGGATTGGT"
"240","Fbln2","GCAGTGGGCCATCGACAATGACG"
"241","Faxc","CCACGGCATTGGCCGCTTCTCCG"
"242","Fbxo42","CTCTGGTCGTGTACAAGGACTTG"
"243","Etaa1","GGAGTACAAGGAATAGCAGTTTC"
"244","Etfa","TTGATTTTGGAAACTCAGAATTA"
"245","Fezf1","GCATGTGACGGGTTAAGTTATAG"
"246","Fgfr1op2","TTAATGAAGTAGCAAGACATAAG"
"247","Fcer1a","GTCAGAATGACATCAAGAGCAGT"
"248","Fam53b","GTAGGTCCTTGACTCATCTTCTT"
"249","Fbxl5","TGAAAGTAGCATATAAAGACAAT"
"250","Filip1","GTCGCTCTTGTTCATGTAGTCAG"
"251","Fkbp9","CTCGTTTACGCACATCCCAACAA"
"252","Erh","TGTATGAAGAACATCTGAAGAGA"
"253","Fbxw2","GGGGCACACGGGGGCGGGTGGGT"
"254","Fosb","GTCTTCGGTGGACTCCTTCGGCA"
"255","Fgf9","GGACTAAACGGCACCAGAAATTC"
"256","Foxd3","CAGTCGTCCGGCTCAGCGACAGC"
"257","Fap","CAGATTGATGAAGATATTCTTGT"
"258","Fam103a1","CAACAATTGGAGGGGACTCAGGA"
"259","Fgf12","GTAGGACTGCGTGTGGTGGCTCA"
"260","Foxp1","GAGGTGTCATCATAGCCACTGAC"
"261","Foxp2","CTGGTTTGCTGCTGTAACAAATA"
"262","Fzd3","CTAGGATAGTGAATGAGAGCCGA"
"263","Gab2","GGTACTCGTAGGTCTCACAGGAA"
"264","Fshr","TGCTTACATTTCATGCAAGTATT"
"265","Frk","GCAAGAATATCTCCAAAGTAAGC"
"266","G3bp2","CAAGCAGCGGACTGGGCTTCTCC"
"267","Fubp1","GAAGAATACAAAGTCCCAGACCA"
"268","Gabrg2","GGAGTTCTCCAGTTGTAAGTAAT"
"269","Galnt9","CTGGTGCGCTACAGTGCCGAACT"
"270","Gca","GTCTGGAATTAGTGGAACTTACT"
"271","Gbp2","GTGTGTGCCTCACCCCAAGAAGC"
"272","Gga2","GATGTCTTCCGGAAACCAGACTG"
"273","Gin1","CATGACTTCTGTTGCTTGTATGA"
"274","Gja1","TTGCTTGTTGTAATTGCGGCAAG"
"275","Ghsr","CGCTGAGCGTCGAGCGCTACTTC"
"276","Glt8d1","ACAGCACAGCAGACCATCTCTTT"
"277","Gm11567","GCTGCCAGCCCACCTGCTGCCGC"
"278","Gm11568","GCTGCCAGCCCACCTGCTGCCNA"
"279","Gm11595","CAGCAGGGGCGACAGCAGCTACT"
"280","Gm11564","GTTGTGTGTCCAGCTGCTGCAGC"
"281","Gm13157","TCAGAAAATCATTGCATACATTT"
"282","Gm13212","ATCTTAATATTCATCAGAGAATT"
"283","Gm13212","TCACATGTAAACTATTTGTACTG"
"284","Gm13124","ACCTCCTCTGGCCCCCGGAAAAC"
"285","Gm13139","TCAGAGAATTCATACAGGAGAGA"
"286","Gm14434","TTTTCAAACTTCTAGAAGTCATC"
"287","Gm15319","ATTTGAACAGAAACCTGAAAGAC"
"288","Gm14308","TTTTCAAACTTCTAGAAGTCATC"
"289","Gm14326","TTTTCAAACTTCTAGAAGTCATC"
"290","Gm14391","TTTTCAAACTTCTAGAAGTCATC"
"291","Gm14430","TTTTCAAACTTCTAGAAGTCATC"
"292","Gm16381","TAAGAATGATCTTATTCCAGTTT"
"293","Gm21119","ATTTGAACAGAAACCTGAAAGAC"
"294","Gm17689","GCTTGGCATCTCCTTGCCAGTTT"
"295","Gm3259","ATATTTTGTTCTTGTTTTCAAGC"
"296","Gm5132","CTCTGGGAGCAGGTTCTTTTCTG"
"297","Gm44","TATCTTGGTGACTAATAGTGATG"
"298","Gm5741","CAAGAGCGACCCCTTCCTTGTAG"
"299","Gm4724","TTTTCAAACTTCTAGAAGTCATC"
"300","Gm4745","GTATTGTTTTCAGGCCTGAGACA"
"301","Gnaz","GGTCAGCGAGTCGATGGCGTTGT"
"302","Gpbp1","TTCTCGTAGCAGTATTTTCCATT"
"303","Gm9994","AGGTGCAGAAAGTCATGCCCAAC"
"304","Gm8267","TTACTTTTTTTTTTTCTTGCATG"
"305","Gm7102","GAGAAGTTGCTGCTGTGCTGAGC"
"306","Gm7102","GGGTTCTCCAAGGACATCTACAC"
"307","Gm7030","CCCTCTACTTCTCCTGCTGCATG"
"308","Gmeb2","GATGAATGGCATCATGCTCAGAT"
"309","Gmnc","GATTCTGACGTTGTAGTGGAATA"
"310","Gnpnat1","TAGCACATGAATGGATAAATACA"
"311","Gng3","CAATCTTAAGCTGTTCCACCATC"
"312","Gngt1","ATGAAATCACACAGCCTCCTTTG"
"313","Gmps","CACAGGGCTATTATCATATCACT"
"314","Gm13826","TCTGCCTGCCTCTGCCTCCCAAA"
"315","Gps2","TCAGGCTCTGCTGGTATGCAGCT"
"316","Grb10","GCAAAGTGGTGGAGATTCTAGCA"
"317","Greb1l","GACTAGGTAGTACTTTAAGTGCT"
"318","Gramd1a","ATTACTCCTGCGCCCTGCAGCGC"
"319","Grm8","GCTGATAGACAGGTGCTATTTTG"
"320","Grm8","GAGTTCGGCTTCTAAAGTATCGA"
"321","Gtdc1","GTGATCAGGAATCAGCTTCATAA"
"322","Gypa","TCTTGGTAATGTTGACTTGATTG"
"323","H2afj","CGCGCGACGAGCGCGACTTGGCC"
"324","H2afx","CTTGGCGCGGGCCTTGCCGCCAG"
"325","H2-Eb1","GCGCTTCGACAGCGACGTGGGGA"
"326","H2-Ke2","AAAGAAGCTGCAGGGAGAGGGCA"
"327","Hamp","TTTACAGCAGAAGATGCAGATAT"
"328","Hadha","AATAACTGCCACATCCCCTTTGA"
"329","Hbb-b2","ATGAAGTTGGTGGTGAGGCCCTG"
"330","Hdac2","CCATGAAGCCTCATAGAATCCGC"
"331","Hdac3","GCATATTGGTGGGGCTGACTCTC"
"332","Haus2","GGTAGATTTCAGCTTGAATATGT"
"333","Hells","CTTTTCTTTTTCATGACTATGAA"
"334","Hipk3","CTTTAGACTTCATTCCTGTCTCT"
"335","Hiat1","TTCATCAGAAATGTATGTTTTGA"
"336","Hiat1","TTCATGCTCTTGAGTTATATCTG"
"337","Higd1b","CCTGAGGGTGAGGACAACCTCAA"
"338","Hist1h2bk","AGCCTTGGTGCCCTCCGACACCG"
"339","Hgf","TCACTAAGAGTGGCATCAAATGT"
"340","Hey1","TTCCATTACCTGCTTCTCAAAAG"
"341","Hist1h4a","GAGCGCGTAGACCACGTCCATAG"
"342","Hist1h4b","GAGCGCGTAGACCACGTCCATAG"
"343","Hist1h2bn","AGCCTTGGTGCCCTCCGACACCG"
"344","Hist1h2bp","AAAGAAGGATGGCAAGAAGCGCA"
"345","Hist1h2aa","AGCTGGCGGGCAACGCAGCCCGC"
"346","Hist1h2ae","CGAGGAGCTCAACAAGCTGCTTG"
"347","Hist1h2ai","CGAGGAGCTCAACAAGCTGCTTG"
"348","Hist1h4m","GAGCGCGTAGACCACGTCCATAG"
"349","Hist1h4m","GCGCTTGGCGTGCTCCGTGTAAG"
"350","Hist1h4n","GAGCGCGTAGACCACGTCCATAG"
"351","Hist2h2aa1","CGAGGAGCTCAACAAGCTGCTTG"
"352","Hist1h4j","GAGCGCGTAGACCACGTCCATAG"
"353","Hist1h4k","GAGCGCGTAGACCACGTCCATAG"
"354","Hist1h2bf","AGCCTTGGTGCCCTCCGACACCG"
"355","Hist1h2bg","AGCCTTGGTGCCCTCCGACACCG"
"356","Hmgcs1","TCATGAAGCCAAAATCATTCAAG"
"357","Hoxa1","CAGAACTTCAGTGCGCCTTACAG"
"358","Hmgb1","AGCTGAAGGAGAAGTATGAGAAG"
"359","Hmgb3","AGGCAGCAAAGCTGAAGGAGAAA"
"360","Hmbs","CTCAGTTGCTATGTCCACCACAG"
"361","Hist2h3b","TGGGCATGATGGTGACGCGTTTG"
"362","Hist2h3c1","TGGGCATGATGGTGACGCGTTTG"
"363","Hnrnpa3","CAGATGATAGCTTAAGAGAACAT"
"364","Hivep1","TTTGATTACCTAATGCTCTCTGA"
"365","Hoxc9","GGACTACATGTACGGCTCGCCTG"
"366","Hoxd11","GGGGCTACGCTCCCTACTACGCG"
"367","Hnrnpr","TTTAGGATTGGTAGCTTATGTCG"
"368","Hoxd4","TGAGTTCGTATATGGTGAACTCC"
"369","Hoxd8","CGGCGGGCGAGGCCATCAATCCC"
"370","Hp1bp3","TGAATTCTACCCGGGAAACTCCT"
"371","Hpcal1","CACCTTTGATGAATTCTTCCAAG"
"372","Hpse","AAAGCTCACATTCTCATCGATAC"
"373","Hspa1b","TCAGCTCGAAGCGCCCCAGCAGA"
"374","Hpdl","GCATGATGCAGCCGCGAGCCAAG"
"375","Htr4","TCACCAGCACCGAAACCAGCAGA"
"376","Htra2","AAGGCGATCAGAAGGGATGGCAA"
"377","Hyal6","GTGGGGAGGATATGAATATTCTG"
"378","Ifi205","CAGAACCAGAACATTCCCAGCAC"
"379","Hspd1","GTTGCTACAATTTCTGCAAAGAG"
"380","Igbp1","GGCAACTATGACGGTGAGTGACT"
"381","Ifi44l","GGCTTAGAGAAGTCACAGTTTGC"
"382","Ighmbp2","GGATGATGGCAAGTTCTTTCTGC"
"383","Ing5","CTGAAGTTCACAGGGAAGGTGAT"
"384","Il18bp","CTACTGGCTGGGCAATGGTTCCT"
"385","Isl2","CGTTCTCATGGCGGATGGGGCTG"
"386","Impa1","GCCAATTGAAACAGCTACAAAAG"
"387","Kalrn","GCCCCGCATGTCGATGATGACAG"
"388","Kansl2","TTGATCACTGTCTATGCTATCAG"
"389","Kcnb1","GTGCGACGACTACAGCCTCGACG"
"390","Jam2","AAATAGCCTCTAGGAACAACAAT"
"391","Kcnj1","AAGTTATGGAAATCCACTCGGTA"
"392","Kidins220","ACTGATGATAGCTGCTGAACAAG"
"393","Kcnma1","CTACTTTGGCTTGCGGGTAAGTT"
"394","Khdrbs1","TCTTTGCACCAGTCTCTTCCTGC"
"395","Kif21b","TTACCCCGGGAGAGCCCCAGGTC"
"396","Klf3","CTTCCCAGGCTGCACGATGACCG"
"397","Krt17","AGGAGCTGAACCGCGAGGTGGCC"
"398","Kmo","GCTTTCTTGCAAAGAGGAATTTC"
"399","Krt6a","TGTTCCTCAGCTCTGAGTCCAGC"
"400","Krt6b","TGTTCCTCAGCTCTGAGTCCAGC"
"401","Krt81","CAGAGCCACAAACTCATTCTCAG"
"402","Klra23","CTGTCTCCTCAAGCCTCACCAAT"
"403","Klk1b24","GCTTGATGAACACACACTGACAC"
"404","Klk1b24","ATCTGTGACTTTATGTAAGTCGC"
"405","Krtap16-1","GTTTCTACTGAAATCCTGTTTTA"
"406","Krtap5-4","GCAGCAGGGTTTACAGCAGCTGC"
"407","Krtap4-7","ACAGCAGCTGGGGCGACAGCACG"
"408","Krtap4-9","GCAACAAGTGGTCCTGCAGCCAG"
"409","Krtap5-1","ACACACAGGCTTGCAGCAGCAGA"
"410","Krtap9-5","TGCTCCCCTTGCAGTCAGCTCAG"
"411","Larp4","TTTCAGAGAAAATTTATCAAATA"
"412","Kpna2","CTCCTATAGACAACATCATCCCT"
"413","Lce1e","CTGCTGCTGGCTCTGCTGACTTT"
"414","Lce1k","GCTGCTGCCTGAGTCACCACAGA"
"415","Lars","TCAAGAAGTCTACTTTAGCAAGT"
"416","Las1l","TATCTCTTCAAGTACATCATAAT"
"417","Lbh","AGGATACTCACCAGTGAATGATA"
"418","Leprotl1","GGTCTTTGGAAGCAACGACGACT"
"419","Leap2","GAGAATGACCCCATTTTGGAGAG"
"420","Lilra6","GACTCTGTGGTCCAAGTGTGGTT"
"421","Lin52","GCTGGGGCTGGATGAGTGTGAGT"
"422","Lgalsl","CAGTCGTGGGAAGTACACGTCCG"
"423","Lrp4","TCGGAGCCACTTCACATGTGCAG"
"424","Lsm14b","GCTGGACTACATCTAAGGTGCAA"
"425","Lsm2","CAGGTCATTCTTGAGTTCCACAA"
"426","Lrig2","CTTGATTTCTGATATTATATTTG"
"427","Krtap4-1","GCTGCAGACCCAGTTGCTGCCAG"
"428","Lyst","CATGTAGATCCAACGACACATAG"
"429","Lrrtm3","CAGATCCAAGTTCCGTAAATTTG"
"430","Lrtm2","GGTTTCACCATGTTGGCACCAGT"
"431","Lyrm7","AGCTCTTTAAAACACTGCACAGA"
"432","Lyrm9","TACTTTGTTCATGATCCAGTCAG"
"433","Magea3","GCATTGTGCAACAAATGAAGACA"
"434","Maged2","CCTGAAATCATTGAACGAGCAAC"
"435","Mapk14","CCCCCATGAGATGGGTCACCAGA"
"436","Lsm5","ACAATTTCTTTATCACTCTTCAT"
"437","Map1lc3b","AGAAGACCTTCAAGCAGCGCCGC"
"438","Man1b1","ATTCCTGTACTCTCTTCATAATC"
"439","Magohb","GTTCTTCCATTACACTCTTGTGC"
"440","Manbal","GAATGGGTACGATGATGGCCAGC"
"441","Mamstr","ACCTTCTTTGGAGCCCTCCAAAT"
"442","Map3k1","CGTGAACAAAGTGATGAGAGTTA"
"443","Map3k2","CTGTCCTTCATAAGGCCAGTCGA"
"444","Map3k2","AGTCATCTTGGGTAGTTAACATC"
"445","Mapkapk5","CTCAAGAACGGTTTGCACTGAAA"
"446","Mapkapk5","GCACATGATGTGTGCCACACACC"
"447","Mapre2","GGGTTATCGAGGTAGAATACACA"
"448","Mbtps2","TTTGCAACTTATATCACCAGTCC"
"449","Mastl","CAATAAAAATATGACTCATCCAC"
"450","Mctp1","AGGTCATGGTCAGGATAATGTTG"
"451","Med22","AGATCATCAAGACCGCCAAGGTG"
"452","Med23","ATGGAGACGCAACTGCAGAGCAT"
"453","Med29","TTAAAACTAGACTTTGATGATTA"
"454","Mfsd6","GGGGCTGCTGCAACTTTCCGAAA"
"455","Mier3","ACCTGGGCTCGAACTTCCAAAAG"
"456","Mkx","CTTACCTGTGCGATAGACAAAGT"
"457","Mme","CAAGCATACTTGAAGAAGTCCTC"
"458","Mlip","GGCTGGTTCATCTAGTGCCTAGT"
"459","Mrgprb5","AACATGGCAATGATGACAGTAGC"
"460","Mnda","CAGAACCAGAACATTCCCAGCAC"
"461","Mrpl30","AGCACATGCCTCAAGAGCACATT"
"462","Mstn","ATACCTTGTACCGTCTTTCATAG"
"463","Msh6","CATCTGCACGTTGCATTGCTCTC"
"464","Msi2","AATACTTTATCTACACTTGCCTC"
"465","Mtf2","CAAATATGATGAAGCAGCTCTGT"
"466","Mrps18c","GATGCATTTATGGAAGGCACATT"
"467","Mt2","CCCAACTGCTCCTGTGCCTCATT"
"468","Myc","TTTGAAGGCTGGATTTCCTTGCA"
"469","N4bp2l1","GTTGAATTTCCAGCGAGTGTCAG"
"470","N4bp2l2","GTTCATGAAACTCTACTCTGTAT"
"471","Myh10","CACAGTCTTCGCATTTCCAAATG"
"472","Myrip","TGGGGACAGCCTGGTAGGACCCC"
"473","Narg2","AAGAGCTTGCATTGAACAAGTGA"
"474","Ndst1","GAACAAGAAGTTCGCTGTCGTGA"
"475","Ndst2","ACATGCTGCTGAAGCACCGCAAA"
"476","Ndufb3","AGATACATGGGCGGCTTTGCAAA"
"477","Nek8","TCGAGGCTGCAGTGAGTACACCA"
"478","Nek2","TCGAGTGATGACTCAGTTGACTC"
"479","Ncbp1","TAAGATCTTGCTCTTGTAGTTAG"
"480","Nfkbia","ACTCCCCCTACCAGCTTACCTAT"
"481","Neto1","TCTATGATGTAGACACACTCTGT"
"482","Nfx1","CATAGTTGTGGTGAGGTTTGTTA"
"483","Nedd8","GAAGATGCTAATTAAAGTGAAGA"
"484","Naf1","AATATCTCAAATATCTAGAAATT"
"485","Ndufb9","CTTCTAGGTTAAGCAGCTGCTCT"
"486","Nlrp9b","CATTTACCCAACCTACATGTATG"
"487","Nlrp5","GAGCAGGAGCAGACATCAGGCAT"
"488","Ndufs6","TCAGGACAAAGAAACAAAAACTG"
"489","Noa1","TTACCTGTAGGAAATCTATTGTG"
"490","Nop10","CCCATCCTGCTCGGTTCTCCCCA"
"491","Nsmce1","AAACTTCTGCAGCACCTGCTCCG"
"492","Nr1h2","TCATGCGGCGCAAGTGCCAGCAG"
"493","Nsfl1c","CTTCCTCCTCCTCTTCATCTCCT"
"494","Oard1","GACAATCCTCACTGATACAATGC"
"495","Nup98","CTGGTACAGATACTATGGTCAAA"
"496","OTTMUSG00000016609","TTTTCAAACTTCTAGAAGTCATC"
"497","Nufip1","GTTTTCCATTTTTTCTGTGAATG"
"498","Olfr1101","CTGCTAGCTTGTCGTTTTGTAAA"
"499","Olfr1180","CAATGGTTATATGAGAACTAAAG"
"500","Olfr1183","ATTATAGTTGTATATCTGAGGAC"
"501","Olfr1252","AAGTGGTCAATGACATTGGGACC"
"502","Olfr1297","TGCAGGCTAGCTTGATTACCAAT"
"503","Olfr1115","GAAGGATAGACATGTAGATGCAA"
"504","Olfr1288","CTACAGTGATGTGAGCTGACAAT"
"505","Olfr1200","TTGTACTTTCTGTGACCTGTCTA"
"506","Olfr1361","GCTGGAGGTACATGTATATGATT"
"507","Olfr1412","TTCTGGGAACAAGTGAGGCTCAA"
"508","Olfr1382","GTGAGAGCATTATGAAGAGCTAA"
"509","Olfr1226","TTCCTGAAAGTATATACCATAAA"
"510","Olfr1453","TAGTATAGATGGAAGCACTGTTG"
"511","Olfr1454","GTTAGTAAAAATGAATGTGTATA"
"512","Olfr1445","TGTGAATGCTAGAGAAATTTTAG"
"513","Olfr1450","AGAAGCCCAACCATCACTTTACC"
"514","Olfr1507","ATTATTGTCATATACCTCAATAT"
"515","Olfr196","TGCCAAGAGAAAACATTCTGTAG"
"516","Olfr1537","CCATCCTCTCCATTCACTCCTAT"
"517","Olfr1477","CTATCAGAATTTATTCTTGTCAT"
"518","Olfr282","GTGGTGGAACTGATGCTCAAAGA"
"519","Olfr284","TATGACCGCTACGTTGCCATTTC"
"520","Olfr284","TCGCTGCAAGCAGACAGGCCATT"
"521","Olfr325","TCTCAGGGCTGTGGAGGGAGTCA"
"522","Olfr228","AATCAGCATAAATATTTTTTCTG"
"523","Olfr23","ATAAAACTCTCTTCTAACTAGTG"
"524","Olfr323","GATCATGGTCCCGTAGTAGATAG"
"525","Olfr397","TCTGTGCTAACAATGTGATTTAT"
"526","Olfr389","GTACCATCTATATCTTATGTGCC"
"527","Olfr403","TGGGGTGGGGGTCTTCTCTGACA"
"528","Olfr433","ACTACCATGCACTCATGAGCAGA"
"529","Olfr478","AGACATACAATCTCCTACATGGA"
"530","Olfr467","GTCATGATTGTGAGTTTCCTAAG"
"531","Olfr727","TTGCTAATAGTTGCAGATAGAAG"
"532","Olfr730","GACCTGACTCATTGAATGCATGA"
"533","Olfr731","AGTCCAAGTAACACGAATTCAGA"
"534","Olfr742","GCAGGAAGTACATGGGGGTGTGA"
"535","Olfr742","TGTACTTCCTGCTGGCCAACCTT"
"536","Olfr938","CACTGGGTTAACAGAGAACCCAG"
"537","Osbpl9","TAAGTTTCTTATCAAAGTCTGAC"
"538","Oog2","TTGTCTTTGCCTAGAATATTCCA"
"539","Olfr894","CTGTTTCAGCAGATGATGGAAAT"
"540","Pa2g4","TAAATAACTGTGTGTGTCACTTC"
"541","Pank1","CATTGGTGCTGTCGCCTTTAGCT"
"542","Patl1","TTGGGTCAGGTGCAGTTGGTAAG"
"543","Pcyox1l","CATGCAGGACTTCGTCAAGCTGC"
"544","Pcnp","AAGACTGTTTCTTCCAGTAATGC"
"545","Pcif1","ATCGGTTGAAGTAGTAGGGACGA"
"546","Pde6d","CCAGAGTATCTTCCCTGTTTCAG"
"547","Pcp4l1","AGGAGGAGGAAGAAATTGACTTG"
"548","Pdk3","GGATCGGTTTTATACCAACCGCA"
"549","Pex3","GCTTGTTTGAAGGCCTAAAGGAC"
"550","Pds5b","ATATATTTATGTTTATAACAAGA"
"551","Pip4k2b","TGTTCCTGTCATGCTAATGCCAG"
"552","Phc3","GTACCTGCAGCAGATGTACGCCG"
"553","Phlpp2","AGCCTCCTCCTGTATGCGCACAA"
"554","Pgrmc1","GAAGAGATGCATCCAGGGGCTTC"
"555","Pin4","TTTATCTTCACTATATTGTGGAG"
"556","Pgm2l1","GGTATTTGTACATCCCCTGAAGC"
"557","Phf14","TATCATAATCAAGAGCTTCCAGC"
"558","Pilrb1","AGGGACTCCAGCCATGGCTCAGC"
"559","Pira2","ACCTGAGACCAGGAGCTCCAAAT"
"560","Phb","TTGCTACCAGTGATGACTGGCAC"
"561","Phf5a","CACCCACACCAGCCTGCTTGCTG"
"562","Phf6","CAAGAAAACTGCACATAACTCCG"
"563","Pias2","CAGTTCAAAGCAGTATTCAGCGA"
"564","Pla2g5","GCTTCCGGTCACAGGCACAGAGC"
"565","Plcd1","GATTCACTCCTGCTTGCGAAAAG"
"566","Plcb1","ATCATCCCACTTGACGAATTTGA"
"567","Plxdc2","GTATATATGAAACCTACAATATT"
"568","Pnoc","GAAGCGGTTCAGTGAGTTTATGA"
"569","Plscr5","GTGGCTGTTTTGGCGATGTGAAT"
"570","Polr2k","TCAGATGCAGAGAATGTGGATAC"
"571","Polr3g","TTCCAAGAGAGATGATGCCAAGA"
"572","Pmm1","AGAAGTTGATCAAGTCCTGCAGC"
"573","Pmp22","CGCCTCATTCGCGTTTCCGCAAG"
"574","Pou4f2","GCGCAAGCGCACGTCCATCGCTG"
"575","Pou3f1","CTACGGTAACGTGTTCTCGCAGA"
"576","Pparg","TATTTGTAATCAGCAACCATTTT"
"577","Ppat","CTGATAGTGAAATGATTACCCAG"
"578","Ppia","GACAAAGTTCCAAAGACAGCAGA"
"579","Pou2f3","AGATTTCAACAGACAGGTAAAAC"
"580","Porcn","ATCCTTCCACAGCTACCTACAAG"
"581","Pp2d1","AACTGTATTCTTCTCCTTTAAGA"
"582","Ppm1a","GTGAGAACATCCCCAGCCTCCCA"
"583","Ppif","CTTCAGTGTGAAGTTCTCGTCAG"
"584","Prep","ACTGGGTGACGATCAAGTTCATG"
"585","Prkar2b","AGCTTATAATCCTGATGAAGAAG"
"586","Prdm1","GATGTTCATCCCGTTCTGACACG"
"587","Prkg1","GGTACAGTTGTAAAGTATAGGCA"
"588","Ppp1r12a","CATTTTGAAGTAGCTCTTCCATT"
"589","Ppp3r1","AGATGGAAGAATATCCTTTGAAG"
"590","Ppp2r2b","ATTCACCCCTACGATGAACCTGA"
"591","Prkch","CTTCAGTGAAACTCCCTGTTGGT"
"592","Prp2","CCACACCTGAGACCCACTCACTG"
"593","Prps1l3","AGAGAGTGACCTCCATTGCAGAC"
"594","Prrx2","ACCGCCGTGCCAAGTTTCGCAAG"
"595","Prr19","GGTGACCTGGAGGTTGCACCCTC"
"596","Psma2","GAATGGGTTCTTGGTAAACAGTA"
"597","Psmc1","GAAAAAGAAGAAGAAAACAAGGA"
"598","Psmd4","TCTCGTTGTCCTCCACAGGGCCC"
"599","Psma4","CTTGGTATAAGCGACCTACAAAA"
"600","Pura","CAAGCGCTTCTTCTTCGATGTTG"
"601","Ptplad2","TGACATGGCTCAGTCAAACACTA"
"602","Ptpn2","CATAGAGTGGCCAAGTTTCCAGA"
"603","Ptpn3","TGATCCCAACACACTGCAGCAAG"
"604","Pvrl4","GGCATCGTTTACAGGTAGGACTT"
"605","Ptpn12","AGATTCAGATTATATCAATGAAC"
"606","Ptprz1","GTTTTGAGGAAGCAGTTAAAGGA"
"607","Pus7","AATGGCTGATCCGTCCATCTTTT"
"608","Rad50","TGGAAGGAGTCATTACTAGAACA"
"609","Raet1a","TGTGTATGCAGTGTGTGCAGTAT"
"610","Rab13","TCGAGAATATTCAGAACTGGATG"
"611","R3hdm1","AGAATACACTGATTCAACTGGCA"
"612","R3hdm1","CAGTCATTTGGACAGACAGGAAA"
"613","Rab3ip","TGTATAATGAGTTCAGATCTTAT"
"614","Rab8a","CCATAGAGCTCGATGGCAAGAGA"
"615","Rac3","GCTGATCAGCTACACGACCAACG"
"616","Rad52","AACCAGTTACCTGTCCAAAGCAC"
"617","Rac1","TTGCACGGACATTTTCAAATGAT"
"618","Rap1gds1","ACATCATAGCAGAAGTAGCCAAA"
"619","Rasa1","CCTTATTGTTGAAGACCTAGTAG"
"620","Rbbp4","TCTGGAGAATGCAACCCCGAAGC"
"621","Rap1a","GATAGAAGATTCCTACAGAAAGC"
"622","Rbp7","GTCGCTGCTGAGAAGATTCCGCT"
"623","Rbfox1","CGTAACTTTCGAAAATAGTGCCG"
"624","Rbks","TAATTGTCAATAATGAAGGTAAG"
"625","Rbm8a","CGGCTTTGGCTCCGGTGAGTGTG"
"626","Rbm33","GAACTGGAAGATGACTTGCTACA"
"627","Rdh19","CAAATACCCAGATGCTGTGGCCA"
"628","Rcor1","TGATAAATCCATAGCAAGTTTAA"
"629","Rel","TACAACAAAGGTCTGCGTTCTTG"
"630","Rdh9","GTTTCTTCATCCACTCGTTGAGT"
"631","Rerg","GGTGTCGGTAGGTTGATTCTAAG"
"632","Rgs22","GAAGTTACAGAAGAAGAGTTTAT"
"633","Rimbp3","CGCAGCTGAGCGGCGCTACGCCA"
"634","Rhox3h","CAGAGCTTCAAGGTCAGTCAGAG"
"635","Rnaseh2b","ATAAATCAATCAGTTCAATCAAG"
"636","Rnf10","ATGCCTCTATCCACCTACTGCAG"
"637","Rnf31","TCTTTCGCAGCACGGTGGATGCT"
"638","Rnd2","TGGGGACATAACTCTGCAGACAC"
"639","Rnpepl1","TATAATCGCTCTGCTGCACTCTA"
"640","Rpgrip1l","GCTGTTCTCGAAGCTGAAGAAGA"
"641","Rock2","AAAATCCAAATCAAGGACCAGTC"
"642","Rpl36al","AAAATGCTTGCATCTCTTAATAG"
"643","Rpl36a","ACTGCAGATCTAAGAGGATGCTG"
"644","Rpl11","GACAGTGTATCTAGCTGCAGAAA"
"645","Rpl12","GAACAGACAGGCCCAGGTATTTA"
"646","Rpl7","TCTTTTTCTTCTCTCTGTTGTTT"
"647","Rps12","GTTGATGACAACAAGAAACTAGA"
"648","Rps13","TGAGAGGAACAGAAAGGTAAGCT"
"649","Rpl3","ATCCTGGCCTGTCAACTTCCCAC"
"650","Runx2","AAATCTCAGATCGTTGAACCTTG"
"651","Rps24","TCTGCTTCAGAGGAAACAGAAGC"
"652","Rps24","ACGCAAGAACAGAATGAAGAAAG"
"653","Rps25","GACAAGAAGAAGAAAGATGCCAA"
"654","Rptor","CTACAATGGCCACGGGGTGCCCC"
"655","Rspry1","TGTTTGGCTGAGAAACTAGCAAA"
"656","Samd12","GCAGGATGTCTGCAAGTGGCTCA"
"657","S100a8","AATTGTGGTAGACATCAATGTTT"
"658","Sat2","CTTCACTGATCTTCACCTGATCC"
"659","Sbno1","CTACAACGTTTGTGCTGAATTGA"
"660","Sbpl","CCTGAGGGTTCAGGACCCAGTAT"
"661","Rps2","GCTACCTGACTCCCGACCTCTGA"
"662","Samd8","GACTACAGAGCCTTCGCAGAAGT"
"663","Scd3","ACCATCACAGCGCCTCCCTCCAG"
"664","Rpl29","CAGGAACTTGGGGTCAACCTTTG"
"665","Sacm1l","GTTGCACTTGACTGATATTCATG"
"666","Rwdd1","ATGTCACAGTAATGGTGAAGCTG"
"667","Sdhaf2","GATCTGGGGCACGCAGTCTCTGC"
"668","Selenbp2","CACCGAAGCCCCGGATTATTGGA"
"669","Sec61g","GGATCAGGTAATGCAGTTTGTTG"
"670","Sf3a3","TCCTCAAATTCCACTGACATTAG"
"671","Sgip1","GCGCACACTCTGCTTTGCTATTG"
"672","Set","AAATCAAATGGAAATCTGGAAAG"
"673","Six3","CGCCGCTACTCGCCAGAAGTATG"
"674","Six5","AGCTATTGATAATGACTGGGACT"
"675","Six6","CGGTGGCAACTACCGCGAGCTCT"
"676","Sh3d21","AATTCACAGAGGCCTCCTAACAA"
"677","Sik3","CTGTGACGATCTGTTTGAACTTC"
"678","Shh","AAGAAACTCCGAACGATTTAATA"
"679","Shisa6","TCGATACCTCTCCCAAAGAGAAC"
"680","Shank2","GGCGGATCATGTTCACCACCTGT"
"681","Sidt2","GAAGTACCTCTACCAAAAAGAGT"
"682","Sirpb1b","ACTGAACATCAGAGAGTGAAATC"
"683","Ska3","AATGGCAAAAGAATTATCACAGT"
"684","Slc22a23","TGGTGGCGAGCTTCGTGGCCATG"
"685","Slc23a1","CTTGTACAACATGTCAAACTTAG"
"686","Slc23a3","GACTCACGTACAGCAAGGCCAAC"
"687","Slc25a11","GAAGGGCATTTACACTGGGTCCA"
"688","Slc25a5","TTGTGCTTGTCTTGTATGATGAA"
"689","Slc34a3","AGTTGGTCAGCGTTCTTCAGAGA"
"690","Slc39a13","ACAGTGGCCTCCATTGAGCGCAG"
"691","Slc3a2","GGAACCACGCATTCTGGCCCAGA"
"692","Slc41a1","TCGTCTTTGGCTGGATCCCTGAT"
"693","Slc30a9","GATTTTTCGAAGTTGTTCTAGAT"
"694","Slc5a3","TACCCCTGACCGGATGTAAATTG"
"695","Slc4a7","AGCACTCTTGATGAAATTGCATG"
"696","Slc51b","CGGCATTGGCTGCAGCTTTCAGT"
"697","Slc8a3","CTAGTTTGGGGTGTTCACCCAAT"
"698","Slitrk1","GGTGGGGGCTTCGCAGACCACTC"
"699","Slfn1","AAAATGAACATCACCGATGAGGA"
"700","Snai2","TGTGTCCAGTTCGCTGTAGTTTG"
"701","Smad6","ACTTACCCAGTGGCTTGTACTCG"
"702","Smad7","GGGGAACGAATTATCTGGCCCCT"
"703","Smarce1","AAACGAATACGAAGCAGAAAAGA"
"704","Smc6","TTTTAACATCCAGGTAATTGGTG"
"705","Snrnp27","AAGAAATAAAGAACAAAGAATAA"
"706","Snrnp48","AGCTTGTTTAATTATCTGGAATT"
"707","Smad2","TGCCACATGTTATATATTGCCGA"
"708","Smap1","TTTTTTTTTCCTTTTCTTTCTTT"
"709","Smarca1","GCAGCAAGTTTGAGTTGAAATGA"
"710","Smarca2","CACTCTTAAACACTGACTGTAAG"
"711","Sox13","CATTGCTTCTTCCCAGAAACTTT"
"712","Sp6","CTTCATGCGCAGCGACCACCTCA"
"713","Sos1","GGTTTCTGTTTACATAGTAGCAG"
"714","Socs5","GTTGTAGCGGCGGAAGCTCACAG"
"715","Snx8","AGCCGACAGGGAGTTCATCGAAG"
"716","Snx3","GAATGAACGTTGTCTTCACATGT"
"717","Snx16","ACTTACTTTGTCATTAAGCCTAG"
"718","Sorbs2","ATCATTGTAAGATCTCCAAGCTT"
"719","Spire1","CCATTTCTTGAATCTTCTTAAGA"
"720","Spag9","CAGTGGATATAAAGGTTCAAGGT"
"721","Spata33","AGCAAACCCAGAGAGAAGAACCC"
"722","Sphkap","GTGAAACATTGACCAGTTTCTGT"
"723","Speer4b","TTTGAGAAGGAAGAGAAGGAATA"
"724","St3gal3","AGCCCACTTGCGAAAGGAGTCAT"
"725","Ssbp3","GCACTCGTGGTGGTGGTAAGTTT"
"726","Spink13","CTTCTTTTCATGGCTTCTTTGCT"
"727","Spink10","TAATAGAGAGGAAGACATTGGAA"
"728","Srxn1","GGGCGGCAGCATCCACTCGGGCT"
"729","Srsf10","TGAAGACGCTTTACATAATTGTG"
"730","Srrm1","CACTTGTTCCCTGCAGGAAGAGA"
"731","Stx17","TACCGCTTCTAAGGTTTCCCACG"
"732","Sumo1","GTCTTTGACAGTATGATTCTTTG"
"733","Sumo1","GAGTGAATTCATTGGAACTCCGT"
"734","Stk31","TTAGAATGTCAGTAAAAATATTG"
"735","Stard3nl","CTTGAGGTAACACTTTGAAATCC"
"736","Swap70","GAACCTTCAGCACCGTGCACAAG"
"737","Tbx21","GGAGAACTTTGAGTCGTAAGTGC"
"738","Tbca","TCATTTTTTCAATCTTTTCTTCC"
"739","Tacstd2","CAACGATGGCCTCTACGACCCCG"
"740","Tbc1d17","GGGGGAGCTCAAGTCCATCCGCC"
"741","Taf13","ATTTCTTCATTCTCCTCCTCATA"
"742","Tab2","AAACCCAAAGGTTAGTGCATCCT"
"743","Tas2r123","TAGTAAGCCAGATGCTAAAAAGA"
"744","Tas2r130","GTTACACTGAGTTGTATCTGCTT"
"745","Tbr1","GGTCTATATGCATCCGGATTCCC"
"746","Tbrg1","TGATGAAATTGCTCGTCTTGAAG"
"747","Tceal6","AGATGAAGAAAAGTCAGATGTCA"
"748","Tead3","TCCTTCACAGGCTATGAACCAAC"
"749","Tgif2lx1","AGGCTCAGTGATTGAAATCTATT"
"750","Tgif2lx2","AGGCTCAGTGATTGAAATCTATT"
"751","Tchhl1","GATAGTTTAGTATCATCCATCAT"
"752","Tgds","GATTCTTCAAGCTTGCACAGTAA"
"753","Timm23","TGTCATGCAACATCCTCCAATCG"
"754","Tfb2m","GTCAGGATTCCAGGACCTGGCGC"
"755","Tle3","ACCTGTGATACTGAGCTTGCAGT"
"756","Tmem170","ACATGAACCTACCATATTTGTGA"
"757","Tmem189","ACACCATCGCATCCACCACGTCT"
"758","Tmem192","TTATTTCAGTGAAGATTAGGTTG"
"759","Tmem132d","TTTCTTCTGACAAACGATGACAG"
"760","Tmed1","ACCAGAAGTTGACCCGCTCCAAG"
"761","Tmem106b","CTGATCACTATATGGAATCAATG"
"762","Tmbim4","GGGCAGAGGTCACTGTAGTCAGA"
"763","Tmem164","GCAGATCCTCGGCCTGGTAAGTT"
"764","Tmem62","GTTGAATGATGTCAATAGTTTCA"
"765","Tmem82","CCATGCGCACCAGCACCGTCTGC"
"766","Tmem91","GGGCATCGCTGCCTTCTGTCTAG"
"767","Tmem258","CGTAGATGCCAACCCAGAGCAGC"
"768","Tmsb10","GGTGTTCTTCTCCTGCGTCTCCG"
"769","Tmf1","TGCAGGCTAGTTGAACTTTCTTT"
"770","Tmem242","TCCAGCTAGCATTCCCGCTGCAG"
"771","Tmtc1","AACCAAGCACACTCCAAACACCG"
"772","Tmub2","TTCTTCAAAACAACCTTATGAGA"
"773","Tnfrsf19","ACGAACCACACTGTGAGTGAACA"
"774","Tomm5","GGCATGGTAGCACACACTTTGTG"
"775","Tomm70a","AGATTGTACAAAGGCTGTTGAAC"
"776","Tnfsf8","CTCCAAATACAACTGAGAAGCCT"
"777","Tnpo1","TCAGATTTTAATTTTGTAAGAAA"
"778","Tpm3","CACCTCTTCATACTTCCTATCTG"
"779","Tph2","AGGACAATGTCTATCGACAGAGA"
"780","Traf1","GGAACAGCCAACACCTGCAATTC"
"781","Tpst1","CTTTCTGAAAGAAAAACCCCTTT"
"782","Traf4","ATTTGTTTATGACACCATCCCAA"
"783","Traf6","GATGCCTAATCATTATGATCTAG"
"784","Trmt11","CTGAAGATATTGCAAGAAACTTA"
"785","Trim50","ATGTGCTCCTCCACGTTCCTGGC"
"786","Tshr","CTATAGATGCAACTCTGCAGCAG"
"787","Trpc4","CGATGGTTGGTGGTGGACCTTGC"
"788","Treml1","GGGCCAACAGGAGCACAGCATAG"
"789","Trim39","GGGGAAATTGCTGAAGTTCTTTT"
"790","Ttc18","GATCTTCTTCCTTTACTAGATAG"
"791","Trrap","GCATCATTTTCAACTTCGTTTCA"
"792","Tubb5","GCCAAAAGGACCTGAGCGAACAG"
"793","Tubb6","ACGAGACCTACTGCATCGACAAC"
"794","Trim43a","CTCTATTTCTACATAATTCTAAA"
"795","Ttc30a1","GACTGTTGAAAGCTTTGATTTAG"
"796","U2surp","ATGAATGAACATCTGATGATCTC"
"797","Uap1l1","GGGTAAACTCACTGGTCATGGTG"
"798","Tuba3b","CATTGACATCTTTGGGAACCACA"
"799","Txn2","CAAACTTGTCCACCACGTCCCCA"
"800","Txnl4a","GAAGAAGAACATGACAGTGCTAT"
"801","Txnl4b","TGTTGGTTCTCAGGTTTGGGGGA"
"802","Uba52","ACTACAACATCCAGAAAGGTACC"
"803","Uba52","TCAGGGTCTTCACGAAGATCTGC"
"804","Ube2n","AGATGGCCGGGCTGCCCCGCAGA"
"805","Ube2g1","GAGGGGATAATCTTTTGGGAAAG"
"806","Ube2h","CGTGTCCATCCGCCTCTTGCCCG"
"807","Uggt2","TATTCAGCAGCTTTTTAATCAGC"
"808","Uqcc2","TGGAAGAGTACAAGCTGATCCTG"
"809","Ubr3","AAGACTTACTGATGATGTCTGAA"
"810","Ubr7","GATTCTCTTACCTCATCTTCCTG"
"811","Vcpip1","TGTAGAATACACCACCCTGCTGA"
"812","Vamp2","ACTCACCGATGATGATGATGATG"
"813","Vma21","TGATCATTAAAGCTGTGAAGAAC"
"814","Uxs1","AATCTCTGATTTTCTCTCTTAGT"
"815","Vmn1r115","ACACAATGGAGTACTACTCAGTC"
"816","Vmn1r-ps103","TGACTGCTTTTCAAACTCAAAAT"
"817","Vmn1r15","ACAATGCATTGTTCTATATTCTA"
"818","Vmn1r14","TTATGTCTTCATTATTAGAGCCG"
"819","Vmn1r62","TACATGCTAATGAATGTCAGGCT"
"820","Vmn1r34","CCATAGCTCCAAGCCCAGCTGCC"
"821","Vmn1r52","ATCTCAGAGAAGAAGGCATTCTC"
"822","Vmn1r214","TTTCTCTTCATGACCATGCTGTG"
"823","Vmn1r207-ps","TAGAAAATCAAGAAGTAAAATAA"
"824","Vmn2r44","ACCCACCTTTCTACTTCCTGTCT"
"825","Vmn2r38","ACCCACCTTTCTACTTCCTGTCT"
"826","Vmn2r31","ACCCACCTTTCTACTTCCTGTCT"
"827","Vmn2r122","AAATAGTATGAGAAATATCTTAC"
"828","Vmn2r116","AAGTTCCATAAGTAATATGATGC"
"829","Vmn2r18","TAGAGTATGTTCACATTTACATT"
"830","Wasf2","TAAGGACTGAGATTGTTAAGAAA"
"831","Wdr61","TAGTATTGCATATGTAAGGAAAC"
"832","Wbp1","ACTACTATGAACTCTGGTGTAAG"
"833","Wdpcp","TGTGTGCTGAGCAAATGGAAGAA"
"834","Vwc2","TCACAGCGGCACCGTTCACAACG"
"835","Vps28","GCTTGTTCCCAGGGGCTGCAAGA"
"836","Vmn2r96","CTCATCTGTGGCCTTCCATTTCT"
"837","Vmn2r87","AAAATACACAGAATGTCAGCTCT"
"838","Wnt5b","CGCAGCACGGCTGCAGCCACGGT"
"839","Wnt8a","TCACAACAACAGGGCCGGCAGAC"
"840","Wnt9a","GCTCGCCGCGCTGCGCCCTTCTG"
"841","Wrb","TCAACATGATGGACGAGTTTGCC"
"842","Xpo4","AAAGTATGTTCGGGAACAGATTC"
"843","Wfdc9","AGGCTTCATGGTAGACTGTGAAA"
"844","Yif1b","CGCAGCCGGGGCGTCCCCGCCGC"
"845","Xylb","GAGCTGGTGACAAGCTTGACTCT"
"846","Ywhaz","CTGCTTCTGCTTCATCTCCTGTT"
"847","Xrcc2","GTGAATCTTCATCAGCAAACAGA"
"848","Zfp382","GTGTCATTCAAGGACGTGACTAT"
"849","Zbtb10","GTAGCTATGTAGCCAAATACAGA"
"850","Zfp322a","GTGAGAAAAGTTACCGACACCGT"
"851","Zdhhc20","ATCACTGCTCAGCATGTGACTCA"
"852","Zdhhc21","GGTTGCCTTAGTGAGGGCCTCAA"
"853","Zfhx3","CCTTGGTGGAGTAGTTGCACAGA"
"854","Zfp384","CTGAGAACAGGAGACTCCTTCAT"
"855","Zfand1","TCACACACAAATGGAAGAAAATC"
"856","Zfp677","GGAGAATCTGTCATTTCTTGCCT"
"857","Zfp398","CAGATATTCTGTCTTGGATTAAA"
"858","Zfp607","TTCAGGGGTCAGTGACATTTGAC"
"859","Zfp60","GTTTCTTTCTTCACAGCCATGTT"
"860","Zfp512","CTTCTTAGCTCCCACGATCCTCG"
"861","Zfp120","TCTGAGAAGGATCCAGCAAAGCC"
"862","Zfp51","CTGATCAGAGTCCAGGCATTGAA"
"863","Zfp689","GGCCACGTCCACGAACTTCAGAG"
"864","Zfp780b","TTCAGGGGTCAGTGACATTTGAC"
"865","Zfp781","ATGAATGTAATGAATGTGGTAAA"
"866","Zfp428","GGGGAAAGGTCTTCATCATCCTG"
"867","Zfp599","GACCAGCCAGAAAAATCACAACA"
"868","Zfp790","CTACAGCCACCTTGTCTCAGTAG"
"869","Zic2","GCTTCGCCAACAGCAGCGACCGC"
"870","Zfpl1","CCACCACTTACCATTAAAGCTAG"
"871","Zscan18","AGCTGGTAGAAGGGGAGCTGGGA"
"872","Zmat2","AACCAGTGCAGCCTGTCAAGCGA"
"873","Zfp943","AAGAAGAATGAATGCTTCTCTAC"
"874","Zfp945","ACCCTGGATGGTGAAGAGAGAGC"
"875","Zfp946","TTCTCTGCTAAATGTTTCCAACC"
"876","Zfp952","CAAAGGTCACAGGCTCCTGCCTG"
"877","Zfp952","TTCTCTGCTTTTGATGCATATTT"
